:0200000460009A
:100000004643464200000156000000000103030081
:1000100000000000000000000000000000000000E0
:1000200000000000000000000000000000000000D0
:1000300000000000000000000000000000000000C0
:1000400000000000010408000000000000000000A3
:100050000000800000000000000000000000000020
:100060000000000000000000000000000000000090
:100070000000000000000000000000000000000080
:10008000EB04180A063204260000000000000000FD
:10009000050404240000000000000000000000002F
:1000A0000000000000000000000000000000000050
:1000B0000604000000000000000000000000000036
:1000C0000000000000000000000000000000000030
:1000D00020041808000000000000000000000000DC
:1000E0000000000000000000000000000000000010
:1000F0000000000000000000000000000000000000
:10010000D8041808000000000000000000000000F3
:100110000204180804200000000000000000000095
:1001200000000000000000000000000000000000CF
:10013000600400000000000000000000000000005B
:1001400000000000000000000000000000000000AF
:10015000000000000000000000000000000000009F
:10016000000000000000000000000000000000008F
:10017000000000000000000000000000000000007F
:10018000000000000000000000000000000000006F
:10019000000000000000000000000000000000005F
:1001A000000000000000000000000000000000004F
:1001B000000000000000000000000000000000003F
:1001C000000100000010000001000000000000001D
:1001D000000001000000000000000000000000001E
:1001E000000000000000000000000000000000000F
:1001F00000000000000000000000000000000000FF
:10020000FFFFFFFFFFFFFFFFFFFFFFFFFFFFFFFFFE
:10021000FFFFFFFFFFFFFFFFFFFFFFFFFFFFFFFFEE
:10022000FFFFFFFFFFFFFFFFFFFFFFFFFFFFFFFFDE
:10023000FFFFFFFFFFFFFFFFFFFFFFFFFFFFFFFFCE
:10024000FFFFFFFFFFFFFFFFFFFFFFFFFFFFFFFFBE
:10025000FFFFFFFFFFFFFFFFFFFFFFFFFFFFFFFFAE
:10026000FFFFFFFFFFFFFFFFFFFFFFFFFFFFFFFF9E
:10027000FFFFFFFFFFFFFFFFFFFFFFFFFFFFFFFF8E
:10028000FFFFFFFFFFFFFFFFFFFFFFFFFFFFFFFF7E
:10029000FFFFFFFFFFFFFFFFFFFFFFFFFFFFFFFF6E
:1002A000FFFFFFFFFFFFFFFFFFFFFFFFFFFFFFFF5E
:1002B000FFFFFFFFFFFFFFFFFFFFFFFFFFFFFFFF4E
:1002C000FFFFFFFFFFFFFFFFFFFFFFFFFFFFFFFF3E
:1002D000FFFFFFFFFFFFFFFFFFFFFFFFFFFFFFFF2E
:1002E000FFFFFFFFFFFFFFFFFFFFFFFFFFFFFFFF1E
:1002F000FFFFFFFFFFFFFFFFFFFFFFFFFFFFFFFF0E
:10030000FFFFFFFFFFFFFFFFFFFFFFFFFFFFFFFFFD
:10031000FFFFFFFFFFFFFFFFFFFFFFFFFFFFFFFFED
:10032000FFFFFFFFFFFFFFFFFFFFFFFFFFFFFFFFDD
:10033000FFFFFFFFFFFFFFFFFFFFFFFFFFFFFFFFCD
:10034000FFFFFFFFFFFFFFFFFFFFFFFFFFFFFFFFBD
:10035000FFFFFFFFFFFFFFFFFFFFFFFFFFFFFFFFAD
:10036000FFFFFFFFFFFFFFFFFFFFFFFFFFFFFFFF9D
:10037000FFFFFFFFFFFFFFFFFFFFFFFFFFFFFFFF8D
:10038000FFFFFFFFFFFFFFFFFFFFFFFFFFFFFFFF7D
:10039000FFFFFFFFFFFFFFFFFFFFFFFFFFFFFFFF6D
:1003A000FFFFFFFFFFFFFFFFFFFFFFFFFFFFFFFF5D
:1003B000FFFFFFFFFFFFFFFFFFFFFFFFFFFFFFFF4D
:1003C000FFFFFFFFFFFFFFFFFFFFFFFFFFFFFFFF3D
:1003D000FFFFFFFFFFFFFFFFFFFFFFFFFFFFFFFF2D
:1003E000FFFFFFFFFFFFFFFFFFFFFFFFFFFFFFFF1D
:1003F000FFFFFFFFFFFFFFFFFFFFFFFFFFFFFFFF0D
:10040000FFFFFFFFFFFFFFFFFFFFFFFFFFFFFFFFFC
:10041000FFFFFFFFFFFFFFFFFFFFFFFFFFFFFFFFEC
:10042000FFFFFFFFFFFFFFFFFFFFFFFFFFFFFFFFDC
:10043000FFFFFFFFFFFFFFFFFFFFFFFFFFFFFFFFCC
:10044000FFFFFFFFFFFFFFFFFFFFFFFFFFFFFFFFBC
:10045000FFFFFFFFFFFFFFFFFFFFFFFFFFFFFFFFAC
:10046000FFFFFFFFFFFFFFFFFFFFFFFFFFFFFFFF9C
:10047000FFFFFFFFFFFFFFFFFFFFFFFFFFFFFFFF8C
:10048000FFFFFFFFFFFFFFFFFFFFFFFFFFFFFFFF7C
:10049000FFFFFFFFFFFFFFFFFFFFFFFFFFFFFFFF6C
:1004A000FFFFFFFFFFFFFFFFFFFFFFFFFFFFFFFF5C
:1004B000FFFFFFFFFFFFFFFFFFFFFFFFFFFFFFFF4C
:1004C000FFFFFFFFFFFFFFFFFFFFFFFFFFFFFFFF3C
:1004D000FFFFFFFFFFFFFFFFFFFFFFFFFFFFFFFF2C
:1004E000FFFFFFFFFFFFFFFFFFFFFFFFFFFFFFFF1C
:1004F000FFFFFFFFFFFFFFFFFFFFFFFFFFFFFFFF0C
:10050000FFFFFFFFFFFFFFFFFFFFFFFFFFFFFFFFFB
:10051000FFFFFFFFFFFFFFFFFFFFFFFFFFFFFFFFEB
:10052000FFFFFFFFFFFFFFFFFFFFFFFFFFFFFFFFDB
:10053000FFFFFFFFFFFFFFFFFFFFFFFFFFFFFFFFCB
:10054000FFFFFFFFFFFFFFFFFFFFFFFFFFFFFFFFBB
:10055000FFFFFFFFFFFFFFFFFFFFFFFFFFFFFFFFAB
:10056000FFFFFFFFFFFFFFFFFFFFFFFFFFFFFFFF9B
:10057000FFFFFFFFFFFFFFFFFFFFFFFFFFFFFFFF8B
:10058000FFFFFFFFFFFFFFFFFFFFFFFFFFFFFFFF7B
:10059000FFFFFFFFFFFFFFFFFFFFFFFFFFFFFFFF6B
:1005A000FFFFFFFFFFFFFFFFFFFFFFFFFFFFFFFF5B
:1005B000FFFFFFFFFFFFFFFFFFFFFFFFFFFFFFFF4B
:1005C000FFFFFFFFFFFFFFFFFFFFFFFFFFFFFFFF3B
:1005D000FFFFFFFFFFFFFFFFFFFFFFFFFFFFFFFF2B
:1005E000FFFFFFFFFFFFFFFFFFFFFFFFFFFFFFFF1B
:1005F000FFFFFFFFFFFFFFFFFFFFFFFFFFFFFFFF0B
:10060000FFFFFFFFFFFFFFFFFFFFFFFFFFFFFFFFFA
:10061000FFFFFFFFFFFFFFFFFFFFFFFFFFFFFFFFEA
:10062000FFFFFFFFFFFFFFFFFFFFFFFFFFFFFFFFDA
:10063000FFFFFFFFFFFFFFFFFFFFFFFFFFFFFFFFCA
:10064000FFFFFFFFFFFFFFFFFFFFFFFFFFFFFFFFBA
:10065000FFFFFFFFFFFFFFFFFFFFFFFFFFFFFFFFAA
:10066000FFFFFFFFFFFFFFFFFFFFFFFFFFFFFFFF9A
:10067000FFFFFFFFFFFFFFFFFFFFFFFFFFFFFFFF8A
:10068000FFFFFFFFFFFFFFFFFFFFFFFFFFFFFFFF7A
:10069000FFFFFFFFFFFFFFFFFFFFFFFFFFFFFFFF6A
:1006A000FFFFFFFFFFFFFFFFFFFFFFFFFFFFFFFF5A
:1006B000FFFFFFFFFFFFFFFFFFFFFFFFFFFFFFFF4A
:1006C000FFFFFFFFFFFFFFFFFFFFFFFFFFFFFFFF3A
:1006D000FFFFFFFFFFFFFFFFFFFFFFFFFFFFFFFF2A
:1006E000FFFFFFFFFFFFFFFFFFFFFFFFFFFFFFFF1A
:1006F000FFFFFFFFFFFFFFFFFFFFFFFFFFFFFFFF0A
:10070000FFFFFFFFFFFFFFFFFFFFFFFFFFFFFFFFF9
:10071000FFFFFFFFFFFFFFFFFFFFFFFFFFFFFFFFE9
:10072000FFFFFFFFFFFFFFFFFFFFFFFFFFFFFFFFD9
:10073000FFFFFFFFFFFFFFFFFFFFFFFFFFFFFFFFC9
:10074000FFFFFFFFFFFFFFFFFFFFFFFFFFFFFFFFB9
:10075000FFFFFFFFFFFFFFFFFFFFFFFFFFFFFFFFA9
:10076000FFFFFFFFFFFFFFFFFFFFFFFFFFFFFFFF99
:10077000FFFFFFFFFFFFFFFFFFFFFFFFFFFFFFFF89
:10078000FFFFFFFFFFFFFFFFFFFFFFFFFFFFFFFF79
:10079000FFFFFFFFFFFFFFFFFFFFFFFFFFFFFFFF69
:1007A000FFFFFFFFFFFFFFFFFFFFFFFFFFFFFFFF59
:1007B000FFFFFFFFFFFFFFFFFFFFFFFFFFFFFFFF49
:1007C000FFFFFFFFFFFFFFFFFFFFFFFFFFFFFFFF39
:1007D000FFFFFFFFFFFFFFFFFFFFFFFFFFFFFFFF29
:1007E000FFFFFFFFFFFFFFFFFFFFFFFFFFFFFFFF19
:1007F000FFFFFFFFFFFFFFFFFFFFFFFFFFFFFFFF09
:10080000FFFFFFFFFFFFFFFFFFFFFFFFFFFFFFFFF8
:10081000FFFFFFFFFFFFFFFFFFFFFFFFFFFFFFFFE8
:10082000FFFFFFFFFFFFFFFFFFFFFFFFFFFFFFFFD8
:10083000FFFFFFFFFFFFFFFFFFFFFFFFFFFFFFFFC8
:10084000FFFFFFFFFFFFFFFFFFFFFFFFFFFFFFFFB8
:10085000FFFFFFFFFFFFFFFFFFFFFFFFFFFFFFFFA8
:10086000FFFFFFFFFFFFFFFFFFFFFFFFFFFFFFFF98
:10087000FFFFFFFFFFFFFFFFFFFFFFFFFFFFFFFF88
:10088000FFFFFFFFFFFFFFFFFFFFFFFFFFFFFFFF78
:10089000FFFFFFFFFFFFFFFFFFFFFFFFFFFFFFFF68
:1008A000FFFFFFFFFFFFFFFFFFFFFFFFFFFFFFFF58
:1008B000FFFFFFFFFFFFFFFFFFFFFFFFFFFFFFFF48
:1008C000FFFFFFFFFFFFFFFFFFFFFFFFFFFFFFFF38
:1008D000FFFFFFFFFFFFFFFFFFFFFFFFFFFFFFFF28
:1008E000FFFFFFFFFFFFFFFFFFFFFFFFFFFFFFFF18
:1008F000FFFFFFFFFFFFFFFFFFFFFFFFFFFFFFFF08
:10090000FFFFFFFFFFFFFFFFFFFFFFFFFFFFFFFFF7
:10091000FFFFFFFFFFFFFFFFFFFFFFFFFFFFFFFFE7
:10092000FFFFFFFFFFFFFFFFFFFFFFFFFFFFFFFFD7
:10093000FFFFFFFFFFFFFFFFFFFFFFFFFFFFFFFFC7
:10094000FFFFFFFFFFFFFFFFFFFFFFFFFFFFFFFFB7
:10095000FFFFFFFFFFFFFFFFFFFFFFFFFFFFFFFFA7
:10096000FFFFFFFFFFFFFFFFFFFFFFFFFFFFFFFF97
:10097000FFFFFFFFFFFFFFFFFFFFFFFFFFFFFFFF87
:10098000FFFFFFFFFFFFFFFFFFFFFFFFFFFFFFFF77
:10099000FFFFFFFFFFFFFFFFFFFFFFFFFFFFFFFF67
:1009A000FFFFFFFFFFFFFFFFFFFFFFFFFFFFFFFF57
:1009B000FFFFFFFFFFFFFFFFFFFFFFFFFFFFFFFF47
:1009C000FFFFFFFFFFFFFFFFFFFFFFFFFFFFFFFF37
:1009D000FFFFFFFFFFFFFFFFFFFFFFFFFFFFFFFF27
:1009E000FFFFFFFFFFFFFFFFFFFFFFFFFFFFFFFF17
:1009F000FFFFFFFFFFFFFFFFFFFFFFFFFFFFFFFF07
:100A0000FFFFFFFFFFFFFFFFFFFFFFFFFFFFFFFFF6
:100A1000FFFFFFFFFFFFFFFFFFFFFFFFFFFFFFFFE6
:100A2000FFFFFFFFFFFFFFFFFFFFFFFFFFFFFFFFD6
:100A3000FFFFFFFFFFFFFFFFFFFFFFFFFFFFFFFFC6
:100A4000FFFFFFFFFFFFFFFFFFFFFFFFFFFFFFFFB6
:100A5000FFFFFFFFFFFFFFFFFFFFFFFFFFFFFFFFA6
:100A6000FFFFFFFFFFFFFFFFFFFFFFFFFFFFFFFF96
:100A7000FFFFFFFFFFFFFFFFFFFFFFFFFFFFFFFF86
:100A8000FFFFFFFFFFFFFFFFFFFFFFFFFFFFFFFF76
:100A9000FFFFFFFFFFFFFFFFFFFFFFFFFFFFFFFF66
:100AA000FFFFFFFFFFFFFFFFFFFFFFFFFFFFFFFF56
:100AB000FFFFFFFFFFFFFFFFFFFFFFFFFFFFFFFF46
:100AC000FFFFFFFFFFFFFFFFFFFFFFFFFFFFFFFF36
:100AD000FFFFFFFFFFFFFFFFFFFFFFFFFFFFFFFF26
:100AE000FFFFFFFFFFFFFFFFFFFFFFFFFFFFFFFF16
:100AF000FFFFFFFFFFFFFFFFFFFFFFFFFFFFFFFF06
:100B0000FFFFFFFFFFFFFFFFFFFFFFFFFFFFFFFFF5
:100B1000FFFFFFFFFFFFFFFFFFFFFFFFFFFFFFFFE5
:100B2000FFFFFFFFFFFFFFFFFFFFFFFFFFFFFFFFD5
:100B3000FFFFFFFFFFFFFFFFFFFFFFFFFFFFFFFFC5
:100B4000FFFFFFFFFFFFFFFFFFFFFFFFFFFFFFFFB5
:100B5000FFFFFFFFFFFFFFFFFFFFFFFFFFFFFFFFA5
:100B6000FFFFFFFFFFFFFFFFFFFFFFFFFFFFFFFF95
:100B7000FFFFFFFFFFFFFFFFFFFFFFFFFFFFFFFF85
:100B8000FFFFFFFFFFFFFFFFFFFFFFFFFFFFFFFF75
:100B9000FFFFFFFFFFFFFFFFFFFFFFFFFFFFFFFF65
:100BA000FFFFFFFFFFFFFFFFFFFFFFFFFFFFFFFF55
:100BB000FFFFFFFFFFFFFFFFFFFFFFFFFFFFFFFF45
:100BC000FFFFFFFFFFFFFFFFFFFFFFFFFFFFFFFF35
:100BD000FFFFFFFFFFFFFFFFFFFFFFFFFFFFFFFF25
:100BE000FFFFFFFFFFFFFFFFFFFFFFFFFFFFFFFF15
:100BF000FFFFFFFFFFFFFFFFFFFFFFFFFFFFFFFF05
:100C0000FFFFFFFFFFFFFFFFFFFFFFFFFFFFFFFFF4
:100C1000FFFFFFFFFFFFFFFFFFFFFFFFFFFFFFFFE4
:100C2000FFFFFFFFFFFFFFFFFFFFFFFFFFFFFFFFD4
:100C3000FFFFFFFFFFFFFFFFFFFFFFFFFFFFFFFFC4
:100C4000FFFFFFFFFFFFFFFFFFFFFFFFFFFFFFFFB4
:100C5000FFFFFFFFFFFFFFFFFFFFFFFFFFFFFFFFA4
:100C6000FFFFFFFFFFFFFFFFFFFFFFFFFFFFFFFF94
:100C7000FFFFFFFFFFFFFFFFFFFFFFFFFFFFFFFF84
:100C8000FFFFFFFFFFFFFFFFFFFFFFFFFFFFFFFF74
:100C9000FFFFFFFFFFFFFFFFFFFFFFFFFFFFFFFF64
:100CA000FFFFFFFFFFFFFFFFFFFFFFFFFFFFFFFF54
:100CB000FFFFFFFFFFFFFFFFFFFFFFFFFFFFFFFF44
:100CC000FFFFFFFFFFFFFFFFFFFFFFFFFFFFFFFF34
:100CD000FFFFFFFFFFFFFFFFFFFFFFFFFFFFFFFF24
:100CE000FFFFFFFFFFFFFFFFFFFFFFFFFFFFFFFF14
:100CF000FFFFFFFFFFFFFFFFFFFFFFFFFFFFFFFF04
:100D0000FFFFFFFFFFFFFFFFFFFFFFFFFFFFFFFFF3
:100D1000FFFFFFFFFFFFFFFFFFFFFFFFFFFFFFFFE3
:100D2000FFFFFFFFFFFFFFFFFFFFFFFFFFFFFFFFD3
:100D3000FFFFFFFFFFFFFFFFFFFFFFFFFFFFFFFFC3
:100D4000FFFFFFFFFFFFFFFFFFFFFFFFFFFFFFFFB3
:100D5000FFFFFFFFFFFFFFFFFFFFFFFFFFFFFFFFA3
:100D6000FFFFFFFFFFFFFFFFFFFFFFFFFFFFFFFF93
:100D7000FFFFFFFFFFFFFFFFFFFFFFFFFFFFFFFF83
:100D8000FFFFFFFFFFFFFFFFFFFFFFFFFFFFFFFF73
:100D9000FFFFFFFFFFFFFFFFFFFFFFFFFFFFFFFF63
:100DA000FFFFFFFFFFFFFFFFFFFFFFFFFFFFFFFF53
:100DB000FFFFFFFFFFFFFFFFFFFFFFFFFFFFFFFF43
:100DC000FFFFFFFFFFFFFFFFFFFFFFFFFFFFFFFF33
:100DD000FFFFFFFFFFFFFFFFFFFFFFFFFFFFFFFF23
:100DE000FFFFFFFFFFFFFFFFFFFFFFFFFFFFFFFF13
:100DF000FFFFFFFFFFFFFFFFFFFFFFFFFFFFFFFF03
:100E0000FFFFFFFFFFFFFFFFFFFFFFFFFFFFFFFFF2
:100E1000FFFFFFFFFFFFFFFFFFFFFFFFFFFFFFFFE2
:100E2000FFFFFFFFFFFFFFFFFFFFFFFFFFFFFFFFD2
:100E3000FFFFFFFFFFFFFFFFFFFFFFFFFFFFFFFFC2
:100E4000FFFFFFFFFFFFFFFFFFFFFFFFFFFFFFFFB2
:100E5000FFFFFFFFFFFFFFFFFFFFFFFFFFFFFFFFA2
:100E6000FFFFFFFFFFFFFFFFFFFFFFFFFFFFFFFF92
:100E7000FFFFFFFFFFFFFFFFFFFFFFFFFFFFFFFF82
:100E8000FFFFFFFFFFFFFFFFFFFFFFFFFFFFFFFF72
:100E9000FFFFFFFFFFFFFFFFFFFFFFFFFFFFFFFF62
:100EA000FFFFFFFFFFFFFFFFFFFFFFFFFFFFFFFF52
:100EB000FFFFFFFFFFFFFFFFFFFFFFFFFFFFFFFF42
:100EC000FFFFFFFFFFFFFFFFFFFFFFFFFFFFFFFF32
:100ED000FFFFFFFFFFFFFFFFFFFFFFFFFFFFFFFF22
:100EE000FFFFFFFFFFFFFFFFFFFFFFFFFFFFFFFF12
:100EF000FFFFFFFFFFFFFFFFFFFFFFFFFFFFFFFF02
:100F0000FFFFFFFFFFFFFFFFFFFFFFFFFFFFFFFFF1
:100F1000FFFFFFFFFFFFFFFFFFFFFFFFFFFFFFFFE1
:100F2000FFFFFFFFFFFFFFFFFFFFFFFFFFFFFFFFD1
:100F3000FFFFFFFFFFFFFFFFFFFFFFFFFFFFFFFFC1
:100F4000FFFFFFFFFFFFFFFFFFFFFFFFFFFFFFFFB1
:100F5000FFFFFFFFFFFFFFFFFFFFFFFFFFFFFFFFA1
:100F6000FFFFFFFFFFFFFFFFFFFFFFFFFFFFFFFF91
:100F7000FFFFFFFFFFFFFFFFFFFFFFFFFFFFFFFF81
:100F8000FFFFFFFFFFFFFFFFFFFFFFFFFFFFFFFF71
:100F9000FFFFFFFFFFFFFFFFFFFFFFFFFFFFFFFF61
:100FA000FFFFFFFFFFFFFFFFFFFFFFFFFFFFFFFF51
:100FB000FFFFFFFFFFFFFFFFFFFFFFFFFFFFFFFF41
:100FC000FFFFFFFFFFFFFFFFFFFFFFFFFFFFFFFF31
:100FD000FFFFFFFFFFFFFFFFFFFFFFFFFFFFFFFF21
:100FE000FFFFFFFFFFFFFFFFFFFFFFFFFFFFFFFF11
:100FF000FFFFFFFFFFFFFFFFFFFFFFFFFFFFFFFF01
:10100000D10020434D1600600000000000000000E9
:101010002010006000100060001801600000000057
:10102000000000600024010000000000FFFFFFFF3F
:10103000FFFFFFFFFFFFFFFFFFFFFFFFFFFFFFFFC0
:10104000FFFFFFFFFFFFFFFFFFFFFFFFFFFFFFFFB0
:10105000FFFFFFFFFFFFFFFFFFFFFFFFFFFFFFFFA0
:10106000FFFFFFFFFFFFFFFFFFFFFFFFFFFFFFFF90
:10107000FFFFFFFFFFFFFFFFFFFFFFFFFFFFFFFF80
:10108000FFFFFFFFFFFFFFFFFFFFFFFFFFFFFFFF70
:10109000FFFFFFFFFFFFFFFFFFFFFFFFFFFFFFFF60
:1010A000FFFFFFFFFFFFFFFFFFFFFFFFFFFFFFFF50
:1010B000FFFFFFFFFFFFFFFFFFFFFFFFFFFFFFFF40
:1010C000FFFFFFFFFFFFFFFFFFFFFFFFFFFFFFFF30
:1010D000FFFFFFFFFFFFFFFFFFFFFFFFFFFFFFFF20
:1010E000FFFFFFFFFFFFFFFFFFFFFFFFFFFFFFFF10
:1010F000FFFFFFFFFFFFFFFFFFFFFFFFFFFFFFFF00
:10110000FFFFFFFFFFFFFFFFFFFFFFFFFFFFFFFFEF
:10111000FFFFFFFFFFFFFFFFFFFFFFFFFFFFFFFFDF
:10112000FFFFFFFFFFFFFFFFFFFFFFFFFFFFFFFFCF
:10113000FFFFFFFFFFFFFFFFFFFFFFFFFFFFFFFFBF
:10114000FFFFFFFFFFFFFFFFFFFFFFFFFFFFFFFFAF
:10115000FFFFFFFFFFFFFFFFFFFFFFFFFFFFFFFF9F
:10116000FFFFFFFFFFFFFFFFFFFFFFFFFFFFFFFF8F
:10117000FFFFFFFFFFFFFFFFFFFFFFFFFFFFFFFF7F
:10118000FFFFFFFFFFFFFFFFFFFFFFFFFFFFFFFF6F
:10119000FFFFFFFFFFFFFFFFFFFFFFFFFFFFFFFF5F
:1011A000FFFFFFFFFFFFFFFFFFFFFFFFFFFFFFFF4F
:1011B000FFFFFFFFFFFFFFFFFFFFFFFFFFFFFFFF3F
:1011C000FFFFFFFFFFFFFFFFFFFFFFFFFFFFFFFF2F
:1011D000FFFFFFFFFFFFFFFFFFFFFFFFFFFFFFFF1F
:1011E000FFFFFFFFFFFFFFFFFFFFFFFFFFFFFFFF0F
:1011F000FFFFFFFFFFFFFFFFFFFFFFFFFFFFFFFFFF
:10120000FFFFFFFFFFFFFFFFFFFFFFFFFFFFFFFFEE
:10121000FFFFFFFFFFFFFFFFFFFFFFFFFFFFFFFFDE
:10122000FFFFFFFFFFFFFFFFFFFFFFFFFFFFFFFFCE
:10123000FFFFFFFFFFFFFFFFFFFFFFFFFFFFFFFFBE
:10124000FFFFFFFFFFFFFFFFFFFFFFFFFFFFFFFFAE
:10125000FFFFFFFFFFFFFFFFFFFFFFFFFFFFFFFF9E
:10126000FFFFFFFFFFFFFFFFFFFFFFFFFFFFFFFF8E
:10127000FFFFFFFFFFFFFFFFFFFFFFFFFFFFFFFF7E
:10128000FFFFFFFFFFFFFFFFFFFFFFFFFFFFFFFF6E
:10129000FFFFFFFFFFFFFFFFFFFFFFFFFFFFFFFF5E
:1012A000FFFFFFFFFFFFFFFFFFFFFFFFFFFFFFFF4E
:1012B000FFFFFFFFFFFFFFFFFFFFFFFFFFFFFFFF3E
:1012C000FFFFFFFFFFFFFFFFFFFFFFFFFFFFFFFF2E
:1012D000FFFFFFFFFFFFFFFFFFFFFFFFFFFFFFFF1E
:1012E000FFFFFFFFFFFFFFFFFFFFFFFFFFFFFFFF0E
:1012F000FFFFFFFFFFFFFFFFFFFFFFFFFFFFFFFFFE
:10130000FFFFFFFFFFFFFFFFFFFFFFFFFFFFFFFFED
:10131000FFFFFFFFFFFFFFFFFFFFFFFFFFFFFFFFDD
:10132000FFFFFFFFFFFFFFFFFFFFFFFFFFFFFFFFCD
:10133000FFFFFFFFFFFFFFFFFFFFFFFFFFFFFFFFBD
:10134000FFFFFFFFFFFFFFFFFFFFFFFFFFFFFFFFAD
:10135000FFFFFFFFFFFFFFFFFFFFFFFFFFFFFFFF9D
:10136000FFFFFFFFFFFFFFFFFFFFFFFFFFFFFFFF8D
:10137000FFFFFFFFFFFFFFFFFFFFFFFFFFFFFFFF7D
:10138000FFFFFFFFFFFFFFFFFFFFFFFFFFFFFFFF6D
:10139000FFFFFFFFFFFFFFFFFFFFFFFFFFFFFFFF5D
:1013A000FFFFFFFFFFFFFFFFFFFFFFFFFFFFFFFF4D
:1013B000FFFFFFFFFFFFFFFFFFFFFFFFFFFFFFFF3D
:1013C000FFFFFFFFFFFFFFFFFFFFFFFFFFFFFFFF2D
:1013D000FFFFFFFFFFFFFFFFFFFFFFFFFFFFFFFF1D
:1013E000FFFFFFFFFFFFFFFFFFFFFFFFFFFFFFFF0D
:1013F000FFFFFFFFFFFFFFFFFFFFFFFFFFFFFFFFFD
:10140000814205D051F8043B40F8043B8242F9D8B0
:10141000704700BF044A05494FF0000342F8043BFF
:101420009142FBD8704700BFC01A0020002D002059
:101430002DE98848BFF34F8F00BF00BF00BF00BF3A
:1014400000F0BEF9684B0822C3F8542100BF00BF6A
:1014500000BF00BF00BF00BF00BF00BF00BF00BF94
:1014600000BF00BF00BF00BF00BF00BF5F4A6049B0
:101470006048FFF7C5FF604A60496148FFF7C0FF59
:10148000604CFFF7C7FF4FF470004FF0E0210023DE
:101490005D4AC1F8880D44F823200133B02BFAD1FE
:1014A0005A4B80215A4A03F8011B9342FBD14FF05B
:1014B000E0254D4E4FF08039DFF884B1DFF884A18C
:1014C0004FF0FF31C5F8084D0027C6F80491C6F863
:1014D00000B1C6F8F490C6F8F0A0D5F8243DDFF8C6
:1014E000688143F4E0234B4AC5F8243DD8F81C300A
:1014F00023F07F0343F04003C8F81C30D8F82430B1
:1015000023F07F0343F04003C8F824309166D1668E
:101510001167516700F05CF93F4B4049A363404BB2
:10152000E36363236B610323AF612B613D4BC5F81C
:10153000203DD5F8FC3D43F08073C5F8FC3D3A4BA7
:101540001A6842F001021A605B680B6000F08AFBC7
:10155000C6F804913548C6F800B1C6F8F490C6F84C
:10156000F0A000F0E9FCD8F86C10314B314A41F49E
:101570004051C8F86C101F60C3F80871C3F81871A7
:10158000C3F82871C3F83871936BDB0708D442F6AF
:101590001563294951651365936B43F00103936308
:1015A000244A264C936843F00113936000F098F9A5
:1015B00000F0DCF800F0D0FC00F082FB00F002F953
:1015C0002368132BFCD900F013FC2368B3F5967F36
:1015D000FBD300F0FBF800F0F7F800F0C5FC00F0DA
:1015E000C7FC30BFFDE700BF00800D4038DA0000C7
:1015F0002422006000000000C01A002060FC00608F
:101600000000002000180020EDAF000000E400E022
:10161000A0E400E000C00A40DDA30000442C00204C
:10162000E1A3000000002020001000E00046C323DA
:101630000040084000400D400000C056482C0020EB
:101640001B1018200C0D111300C00F40054B4FF458
:101650002A01054A05485A641864054A9963954663
:10166000FFF7E6FE00C00A40AFAAAAAA07002000C2
:1016700000000720B1F5607FF0B50E468DB028BFA1
:101680004FF460760F46054672B62E4B002470224A
:10169000186021462C4B2D481C8000F071FCCFB106
:1016A00021462A484FF0010C4A0901F01F0301317D
:1016B00050F822400CFA03F38E4243EA040340F848
:1016C0002230F1D8284600234380013300F5827090
:1016D0009E42F9D81E4C257815B162B60DB0F0BD0A
:1016E000082000F03DFC1B4B80220646009302A917
:1016F0000693194B0271056008A8029300F028FCBC
:1017000006A9164A304600F01BFC069B08A8DB68B9
:101710009847009B02A8DB6898472378002BDCD110
:101720000F4B104AC3F858210F49D0204FF0E02347
:10173000402281F84600C3F808210123237062B6D5
:101740000DB0F0BD14240020B02C00201C2400207B
:10175000C12C0020480A0020319E00001B1001000F
:10176000001800203D9E000000E400E0104BA02087
:10177000104AD96E41F4403110B4D96640F2376452
:10178000D96E41F44071D96654649064936C1B0621
:10179000FCD4094A40F23761A02351649364936CEE
:1017A00013F08003FBD1054A13705DF8044B7047BA
:1017B00000C00F4000400C4000800C40C82C0020AE
:1017C000704700BF704700BF704700BF00BF704741
:1017D00010B44FF0E023002110243148C3F8941DC9
:1017E000C3F89C4D1124C3F8A00D2E48C3F89C4D9E
:1017F0001224C3F8A00D2C48C3F89C4D2B4AC3F803
:10180000A00D2B4C42F015022A48C3F89C4DC3F89A
:10181000A00D294C2948C3F89C4DC3F8A00D284CB5
:10182000C3F89C2D2748284AC3F8A04DC3F89C0D47
:10183000C3F8A02D02F5A022244C0C322448C3F892
:101840009C4DC3F8A02D234AC3F89C0D224CC3F82D
:10185000A02D02F14062C3F89C4D2048C3F8A02D92
:101860000C32C3F89C0DC3F8A02D00BF00BF00BF11
:1018700000BF00BF0122C3F8942DBFF34F8FBFF309
:101880006F8FC3F8501FBFF34F8FBFF36F8FD3F825
:10189000142D5DF8044B42F44032C3F8142D704708
:1018A0003F0000102500080709001000002D00204F
:1018B0001300200021000207140000202500081357
:1018C000090000101600202027000B13170000400D
:1018D000180000602F000B07190000701A0000802C
:1018E000F0B5B84B1822B84E0120B84F83B0C3F8FA
:1018F0005C62B749C3F86072B64DC3F86462A6F57E
:101900003046B54CC3F86862C3F86C52C3F87052E5
:10191000C3F87452C3F8785248F20C75DA661A6745
:101920005A679A67DA67C3F88020C3F88420C3F83F
:101930008820C1F82C03A94AC1F83003C1F8340348
:10194000C1F83803C1F83C03C1F85003A169A44BA6
:101950000A40A448A4491343A44AA361D4F884309C
:1019600043F00C03C4F884304FF0FF34036843F0B5
:101970000203036003682B404FF400551A439C4B4D
:10198000026044608A689B4C13409B4A43F00053BA
:101990008360C36823F07803C360036A1340234362
:1019A0000362036A1340954A2343954C4362826263
:1019B000C2620022D1F8B83023F03F0343F00103A4
:1019C000C0F8B830D1F8BC308E4923F03F0343F063
:1019D0000103C0F8BC3040F205630261056604678C
:1019E000C0F88030456644670224C0F8843003683C
:1019F00023F0020303608161834B8449C46143F88F
:101A0000042B8B42FBD1774A136843F00103136028
:101A1000136813F00103FBD17A48022140F2F56408
:101A2000906140F29940D16140F26641C2F80042B3
:101A300042F20144C2F810127549C2F82002C2F8FD
:101A4000301240F235417348C2F83442C2F84012B5
:101A5000714CC2F8500242F201207049C2F854128F
:101A60000121C2F86042C2F864025E48C2F8A030A8
:101A7000C2F8A430C2F8B0104369DA07FCD50123DC
:101A800000244FF4803257494361C0F8A040C0F8A9
:101A9000A420C0F8B0304B69DB07FCD5012300243B
:101AA0004FF400304F4A4B61C1F8A040C1F8A40088
:101AB000C1F8B0305369DF07FCD501230024584832
:101AC00048495361C2F8A040C2F8A400C2F8B0303F
:101AD0004B69DE07FCD5D1F8003145F60D522120C7
:101AE0009BB24861934265D100244FF480220123C8
:101AF0003C48C1F8A040C1F8A420C1F8B030436907
:101B0000DD07FCD501234FF400040021354A436171
:101B1000C0F8A040C0F8A410C0F8B0305369DC078A
:101B2000FCD501234FF400044FF480302D4953615C
:101B3000C2F8A040C2F8A400C2F8B0304B69D80780
:101B4000FCD501234FF400044FF40030254A4B61CB
:101B5000C1F8A040C1F8A400C1F8B0305369D9075A
:101B6000FCD501234FF400042D481E495361C2F8EF
:101B7000A040C2F8A400C2F8B0304B69DA07FCD527
:101B8000D1F8003145F60D5221209BB248619342B5
:101B900050D008254FF4000422490020224B234A4C
:101BA000009015705A1A01232148224400F0ECF9E4
:101BB00003B0F0BD1E4B0022C3E90022C3E902229C
:101BC00003B0F0BD00801F40F9B00100F910010022
:101BD00000841F40F970010000C00F40FFFCFF1F90
:101BE000000300A000402A4000802A401200FFFFAE
:101BF000FF37F7004000008000FFF07CFF000F83FC
:101C000063000200F05AF05A00422A4000432A4082
:101C10009F041830EB06180A3806180A0632012607
:101C2000040003000000007000000070C92C0020B8
:101C3000E02800204FF400044FF4802201230848DC
:101C4000C1F8A040C1F8A420C1F8B0304369DB0757
:101C5000FCD5012310254FF0807443619CE700BF41
:101C600000402A40F0B4154A40274FF480314FF429
:101C700080564FF400554FF4404443F2420013693C
:101C800013F0020F0ED113F4005F0FD013F4805F36
:101C90000ED0002BF3DA13F4803F0BD15B060BD58B
:101CA000F0BC7047946151619061E8E75561E6E7E7
:101CB0005661E4E79161E2E75761E0E700800D409B
:101CC0003F4A03203F49F3EE095AD2F880304FF0E3
:101CD000000C9FED3D6A23F001039FED3C5A30B4A8
:101CE000C2F88030C2F89000D1F8E010384DCBB285
:101CF000384C39482B6007EE903A0B0DC1F30B219D
:101D0000F8EEE77A06EE903A07EE101A334BB8EE8B
:101D1000C77A2160F8EEE66A314937EEC66A37EED7
:101D2000C55A76EEC76A77EEE57A26EE266AC3EDE7
:101D3000006A25EE265AD2F8803067EEA64AC0ED3A
:101D4000007AC6EE275A274885EE276AC4EEA76AAE
:101D500075EE875AFCEEE55A36EE076A15EE904AA4
:101D6000BCEEC66A43EA045376EE877AC2F8803046
:101D700016EE103AD2F89041FCEEE77A01EA034100
:101D8000214317EE903AC2F89011C3F30B03D2F837
:101D900090110B431449C2F89031D2F8803043F0CF
:101DA0000203C2F88030114B80F840C0C1F84031C6
:101DB0004FF0E023012230BCC3F80821704700BF78
:101DC00000810D4000441F400000AA420000B442C0
:101DD000782B0020742B00207C2B0020802B0020EF
:101DE0000000FF0F00E400E000180020B1B1000087
:101DF000314B40F6617210B5C3F8202140F2044423
:101E000000F0A2F82D4A2E49D2F880302D4843F038
:101E10000303C2F880302C4BC1F8604102681A42BB
:101E200003D1D1F8A8319A071BD0254A4FF00041C1
:101E3000244B5963D2F8403143F00203C2F84031D9
:101E4000D2F840319B07FBD44FF400304FF0E02133
:101E50001C4B4FF00042C1F88C0219209A6300F02D
:101E60008BF8184A4FF08040154C002190630A20EF
:101E7000164B11604FF42072C4F8A801184600F008
:101E80007FF84FF4800203464FF4810040F2431183
:101E90001860C4F858311A640D4B0E4AC4F8481142
:101EA000C3F804224FF0E0224FF400310123C2F8BE
:101EB0000C11C4F8403110BD00800D4000C00F402F
:101EC00000002E4000900D40001C1E00000000206D
:101ED0000018002099B4000008B50E4B1B6E9B073C
:101EE00000D4FBBE72B60C4B00200C4AC3F8400174
:101EF00003F160430A49A3F55F2311649D46BFF3D4
:101F00004F8F4FF400130748074ADB6902609B6854
:101F1000984700BF00441F4000002E4000C00A4008
:101F20000300200000802020000012EBF8B500BF65
:101F3000F8BC08BC9E4670475FF800F0D5A70000CB
:101F40005FF800F0B5A400005FF800F0FDC30000EA
:101F50005FF800F0A59E00005FF800F0D5AE00002D
:101F60005FF800F0EDAD00005FF800F095D50000DF
:101F70005FF800F0A9AC00005FF800F0C5AA00000F
:101F80005FF800F035D400005FF800F0A5CA00004B
:101F900045000000690500001D080000390E000022
:101FA000510E0000690E0000810E0000990E000025
:101FB000B10E0000C90E0000E10E0000F90E000095
:101FC000110F0000290F000031100000491000001F
:101FD000611000007910000091100000A9100000AD
:101FE000C1100000D91000000D1100003D110000CB
:101FF000551100006D110000851100009D110000B9
:082000009D2C0000B9A50000B1
:102008001A035400650065006E0073007900200013
:1020180041007500640069006F0000001803540057
:10202800650065006E007300790064007500690042
:102038006E006F00040309040902E900040100C0EE
:102048003209040000020300000009211101000107
:102058002221000705820340000107050203200032
:1020680002080B010301010000090401000001013D
:1020780000000A240100013E000202030C240201B0
:102088000206000203000000092403020101000106
:10209800000C24020301010002030000000A2406C8
:1020A8003103010102020009240304020600310081
:1020B80009040200000102000009040201010102F2
:1020C8000000072401020301000B24020102021090
:1020D8000144AC0009058309B4000100000725018B
:1020E80000000000090403000001020000090403C5
:1020F800010201020000072401030301000B24026E
:10210800010202100144AC0009050305B4000100F6
:10211800840725010000000009058411030001055A
:10212800000000000902E900040100C032090400AF
:10213800000203000000092111010001222100070B
:1021480005820340000107050203200002080B0175
:1021580003010100000904010000010100000A2434
:102168000100013E000202030C24020102060002E3
:10217800030000000924030201010001000C2402ED
:102188000301010002030000000A240631030101D3
:1021980002020009240304020600310009040200B7
:1021A80000010200000904020101010200000724E5
:1021B80001020301000B2402010202100144AC00D9
:1021C80009058309B4000400000725010000000088
:1021D80009040300000102000009040301020102CE
:1021E8000000072401030301000B2402010202106E
:1021F8000144AC0009050305B40004008407250167
:102208000000000009058411040004070000000014
:0C2218000A060002000000400100000067
:1022240000000000000000000000000000000000AA
:10223400000000000000000000000000000000009A
:102244000548064B1B1AD90F01EBA301491002D014
:10225400034B03B118477047C01A0020C01A00206E
:102264000000000008B5054B1BB105490548AFF354
:102274000080BDE80840FFF7E3BF00BF0000000096
:10228400342B00200024016008B50AF07FFD354A94
:102294004CF24F331268801A984222D9324BD3ED54
:1022A400007AF5EEC07AF1EE10FA4FD49FED2F7A52
:1022B400F4EEC77AF1EE10FA4FDC9FED2D7A2D493A
:1022C40067EE877A2C4AFCEEE77A17EE903AC2ED75
:1022D400077A8B423DD9274BD3610022274B1A70D2
:1022E40008BD07EE900ADFED266A264AF8EEE77A83
:1022F4001D4B87EEA67AD2ED007AD3ED006A76EE16
:10230400E76A27EE077AE6EE877AF5EEC07AF1EE11
:1023140010FA17D49FED157AF4EEC77AF1EE10FA9D
:102324001DDC9FED137A134967EE877A124AFCEE9F
:10233400E77A17EE903AC2ED077A8B42D0D90D4B6B
:10234400D36108BD0C4B0022DA6108BD0A4B0022A0
:10235400DA610A4B00221A7008BD074ABBE7064A35
:10236400EDE700BFD02A0020A81600200044AC46A8
:10237400C637BE470000FE7F40290020CA2C00203B
:1023840000504347AC16002003460022134910B402
:10239400134C43F8184B4FF4807482610481C0E9F4
:1023A40003230B68C3B11A465B69002BFBD1506150
:1023B40000230C4A4FF468140B4943614360837251
:1023C40002604FF000520377084BC0E90A41C0E9AC
:1023D4000C235DF8044B70470860E9E718240020DB
:1023E40004080020BC0800200E00C10076061C0072
:1023F400B5EEC00A10B4F1EE10FA35D4DFED3A7A36
:102404004FF6FF71394820EE270ABCEEC00A10EEE1
:10241400103A0733DB088B421C4628BF0C461FFAD0
:1024240084FCA0F82AC013B3F5EEC00AF1EE10FA4A
:102434000DD460EEA70AFCEEE00A10EE902A0732F3
:10244400D208914228BF114689B2C1854ABB0022F5
:10245400012102632C22C1858286002B36D0244BB5
:10246400A3F82AC0012124E04FF0000C1F48F5EE28
:10247400C00A01224285F1EE10FA22D4DFED1A7A65
:102484004FF6FF7160EEA70AFCEEE00A10EE903AF8
:102494000733DB08994228BF194689B2C185EBB1DD
:1024A4000024002303632C2383869CB9104B012250
:1024B4005A8500202C225DF8044BD98518639A862E
:1024C400704700212C23C28501638386084B0122B7
:1024D4005A85C7E7064BA3F82AC0EAE72C21C28530
:1024E40003638186F2E700BF666630420829002054
:1024F400B02B002008B5134BD3ED010A93ED000A6D
:10250400FFF776FF104B00221049DFF858C01A621B
:102514005A864FF48032C1F800C00D495A620D4802
:102524000D4ADFF844C0D9610123C0F800C013701C
:102534000AF02CFC094B024609481A60BDE8084021
:1025440000F02EBCB016002040290020AC1600205C
:102554004A54B200A8160020CA2C0020D02A002019
:10256400082900200000F042000034420B4B10B553
:10257400D3ED010A4EF2666493ED000AFFF738FFCB
:10258400074B084A084809499A61094A846109487D
:10259400D9615A62BDE8104000F002BCDC1600208C
:1025A400E82B002060E43408242C00200074330855
:1025B400C0AAAA2AB02B00202DE9F041022118203C
:1025C4000AF04AFC1E4D022119200AF045FC0C2099
:1025D4000AF0E0F91B4C2E6840F2EE281A4F0CF07A
:1025E400DFFA2378F3B13B78E3B1282117480DF0E3
:1025F40023FB4CF6CC444EF266621548154B002181
:10260400C0E906244FF48030134C196259863421F2
:1026140058621248A2610CF063FA1148BDE8F04117
:102624000AF01CB92B6822789B1B2AB1B3F5FA6F08
:10263400DBD80CF0B5FAD2E74345FAD9D5E700BFA9
:10264400482C0020D52C0020D82C0020000020206D
:10265400D42A002040290020242C0020140E00201D
:10266400501200200E202DE9F0410AF03BF980B20F
:10267400B0F5805F53D207EE900ADFED365A9FED36
:10268400367AF8EE677ADFED356A87EEA56AF0EE02
:10269400477AE6EE267A324C0F20C4ED007A0AF02F
:1026A40021F980B2B0F5805F36D207EE900ADFEDF3
:1026B400295AB3EE047ADFED2B6AF8EE677A87EED7
:1026C400A56AF0EE477AE6EE267A274B18202268B0
:1026D400C4ED017A1A60C3ED017A0AF0ABFB05463A
:1026E400224E1920B5F1000818BF4FF001080AF076
:1026F400A1FB3378071E044618BF012703B1FDB1BF
:102704001B4D2B7803B18CB11A4B86F800801B78D3
:102714002F703BB9BDE8F081DFED177AD5E7DFED27
:102724000F7AB8E7BDE8F041FFF7AEBDFFF71EFF33
:10273400062112480CF0D4F911480AF08FF8E3E7A7
:10274400FFF7D8FE05210F480CF0CAF90C480AF02F
:1027540085F8D5E700F07F45000000000000204226
:10276400B016002000001144DC160020FB160020E7
:10277400FC160020CA2C002000001644E00D0020A6
:1027840050120020D80D0020F0B58E4D00218E4A45
:1027940083B08E4E2B68166011611181D160002BBD
:1027A40000F0068119465B69002BFBD14A61884B16
:1027B4000027884813604FF08043576097729786CC
:1027C400C2E90973C2E90577C2E90777C2E90B7761
:1027D40001F066FE8048FFF7D7FD804809F04EFD02
:1027E4007D4B3A4678497D48009709F0BBFD7C4A09
:1027F4007C497A480CF0A8FA7B4A2C681660176169
:102804001781D760002C00F0D980234619465B69F4
:10281400002BFBD14A610021744B75485161516012
:10282400917291611972D960C3E90D110188013166
:10283400D16101806F49116002225A7203F134029E
:102844001A6122466469002CFBD153614FF4805114
:10285400694A5C611A60694A5C609A61A2F57C52BB
:102864009C72303A1C636648DA61664AC3E90A44DA
:10287400C3E90812FFF788FD634809F0FFFC5B4BCE
:10288400224659496048009409F06CFD544A554960
:102894005D480CF059FA5D4809F0F0FC584B0122F0
:1028A40052495A48009409F05DFD4D4A4D49574834
:1028B4000CF04AFA564A2B681146D46041F8286B4A
:1028C40011614FF48061C2E90A44C2E90C441181E8
:1028D400002B71D019465B69002BFBD14A614D4B2B
:1028E40000244D4813604FF4803354615460947253
:1028F400C2E90633C2E9083309F0C0FC444B22465E
:1029040035494548009409F02DFD354A354942487A
:102914000CF01AFA414809F0B1FC01223C4B384949
:10292400009222463D4809F01DFD2D4A2D493B48A1
:102934000CF00AFA3A4A4FF400702B681146D4603E
:10294400108141F8186B1161C2E90644002B31D0A3
:1029540019465B69002BFBD14A610024314B304896
:10296400012554615460947213600BF0D3FC2E481B
:1029740009F084FC2A4B2246254900942A4809F090
:10298400F1FC174A174928480CF0DEF9274809F0EA
:1029940075FC22461E49224B0095244809F0E2FCAE
:1029A4000F4A1049214803B0BDE8F0400CF0CCB9FF
:1029B4002A60FCE62A60D0E72A6090E714462A6081
:1029C40029E700BF18240020402900200408002023
:1029D400B00800207829002008290020F4280020CD
:1029E4007C120020F9A10000242C0020E82B0020F8
:1029F400B62C0020C8080020D408002090298F0499
:102A0400B02B002080F9855A842B0020982B0020BD
:102A1400D42A0020F80700200C2B0020202B0020B3
:102A2400502C002010080020802C0020942C002022
:102A340010B5044609F064FD204610BD024A03495E
:102A440003480CF081B900BF7C120020110800007B
:102A5400B425002030B482B00C4602AB03E9060072
:102A6400C37C002B30D072B6C37CDA0708D54FF094
:102A7400E0214569D1F880212A408262C1F8802191
:102A84009D0708D54FF0E0218569D1F884212A40BB
:102A9400C262C1F88421590708D54FF0E021C56905
:102AA400D1F888212A400263C1F888211A0708D581
:102AB4004FF0E021056AD1F88C212A404263C1F825
:102AC4008C21DB062FD462B683689C4235D0224B1E
:102AD40084609B69214AC3F30111C3F3826352F8F2
:102AE40021100133B1FBF3F2CCB1944227D8B2FBED
:102AF400F4F3B2FBF3F294422CD3B3F5817F20D3E9
:102B0400174CC460036803220020019918615A62BB
:102B140001221C6419661A6102B030BC70479942E4
:102B2400EFD3531CE9E74FF0E022416AD2F8903129
:102B34000B408363C2F89031C5E7C468E2E7002420
:102B4400DFE7022BFBD9023B5A08140244EA024491
:102B54001C43D6E71A46E4E700C00F40580A002099
:102B6400FF7F7F002DE9F04F002183B0814609F0FB
:102B740061FB002800F0118199F81C30B3B300F513
:102B8400827A031D0190D646B9F81E209ABB99F8A3
:102B94001C10022909D00139062900F2D980DFE886
:102BA40001F0BED70BA89E866B00B9F82C10A9F8CB
:102BB4001E10002940F0C2804FF00402B9F82E1014
:102BC40089F81C20D9F83020A9F81E1002F14042DF
:102BD40092FBF1F2C9F824207345D5D3DDF80480C3
:102BE40048460022414609F0F5FA404603B0BDE8E4
:102BF400F04F09F0C7BA013AD9F820101FFA82F849
:102C0400D9F82420891301EB624101EB624606EBFB
:102C1400624C0CEB624505EB624000EB624707EB4C
:102C2400624404EB6242D3E900BA31FB0BF136FB98
:102C34001BF6C1EA06463CFB0AFC35FB1AF5CCEA56
:102C44000545996830FB01F037FB11F7C0EA0740EE
:102C5400D96834FB01F432FB11F2C4EA0244C3E93B
:102C64000065C3E90204D9E908211033A9F81E80DC
:102C74000A44C9F82020AFE70022C9F82020B9F897
:102C84002820A9F81E20002A6CD04FF00101013A37
:102C940089F81C1000211FFA82F80C460A460F46D8
:102CA40008460D468C460E46C9F82410BBE70021A1
:102CB4009E45DDF8048089F81C1091D908F20310B0
:102CC40003F11002C01A203320F00F00034442E93C
:102CD400041142E9021110329342F8D180E7D9F885
:102CE40020104FF6FE78D9F82420891301EB6241B5
:102CF4008BE74FF00502D9F830104FF6FE7889F8CB
:102D04001C200022C9F820108913C9F824200C467D
:102D14000A460F4608460D468C460E4683E74FF09A
:102D240002024FF0804189F81C20B9F82A20A9F842
:102D34001E20B1FBF2F2C9F824204DE7C9F8242083
:102D44004FF08042C9F82020032289F81C2043E771
:102D5400D9F820104FF6FF78D9F82420891301EB15
:102D6400624152E74FF002024FF0804189F81C2083
:102D7400B9F82A20B1FBF2F1C9F824104914013A38
:102D840001EB81001FFA82F800EB41040F184E009A
:102D940001EB410C0A198D0045E703B0BDE8F08F43
:102DA40072B6037F012B01D9C28EA2B90022038D12
:102DB4000262C38353B9428D4FF080430221C28320
:102DC4000177B3FBF2F3436262B6704701234262B8
:102DD400037762B67047072BF6D0036A0721C283D4
:102DE4005B42017793FBF2F3436262B6704700BF24
:102DF4002DE9F04F83B0984601F5807BC369DDF877
:102E040030A00190D0E90997D0E90B5431F9026B55
:102E14003846370353FB14FC05EB8C0C59FB14F5B3
:102E24003844CCEB6000A0EB850053FB10F604EBB8
:102E3400860653FB16F50CEB850559FB16F4A7EB38
:102E4400050EAEEB840E53FB1EF406EB8404AC4477
:102E54002CF34F3C264426F34F36704420F34F3076
:102E64008B4522F802CB28F8026B2AF8020BCDD14D
:102E7400019BC3E90A751C6303B0BDE8F08F00BF72
:102E84002DE9F04F01F5807487B0029484690590B0
:102E94000394046A01930494DDE910BAD0E9099714
:102EA400D0E90B64049832F9025B00FB05F525F0C8
:102EB400784000F10060C00050FB10F0264B50FB3E
:102EC40013F0013BED1603EBC000C5F10605039BAF
:102ED400284153FB10F0214B3D4631F9027B9842C7
:102EE4004FEA0737A8BF1846000250FB14FE06EB52
:102EF4008E0E59FB14F63D44CEEB6505A5EB860515
:102F040050FB15FC04EB8C0C50FB1CF60EEB8606F8
:102F140059FB1CF8BC1BA4EB880850FB18F00CEB05
:102F24008004B6442EF34F3EA4442CF34F3C454456
:102F340025F34F35019B23F802EB0193029B2BF8F9
:102F440002CB8B422AF8025BACD1059BC3E90A761B
:102F54001C6307B0BDE8F08FABAAAA2AE7105200A1
:102F64002DE9F043002183B0044609F057F90546E2
:102F74000121204609F052F90646002D3CD009F003
:102F8400ABF80746002853D009F0A6F8804600287D
:102F940037D009F0A1F88146002850D0031D002E37
:102FA4003DD0019308F104032046321D0093291DEE
:102FB4003B1DFFF765FF304609F0E4F8284609F0A9
:102FC400E1F800223946204609F004F9384609F0B0
:102FD400D9F801224146204609F0FCF8404609F0A0
:102FE400D1F820460222494609F0F4F8484603B0D5
:102FF400BDE8F04309F0C6B80028F8D103B0BDE835
:10300400F083284609F0BEF8384609F0BBF8002ED4
:10301400F4D0304603B0BDE8F04309F0B3B80093F0
:103024003A1D08F10403291D2046FFF7E1FEC5E718
:10303400284609F0A7F8002EE0D03046EAE72846F3
:1030440009F0A0F8384609F09DF8404609F09AF8CE
:10305400002ED3D03046DDE7024A034903480BF083
:1030640073BE00BF7C120020110800002C25002034
:10307400024A034903480BF067BE00BF7C120020DC
:103084001108000094240020024A034903480BF06D
:103094005BBE00BF7C12002011080000BC2400208D
:1030A400024A034903480BF04FBE00BF7C120020C4
:1030B4001108000034250020024A034903480BF09C
:1030C40043BE00BF7C120020110800003C250020F4
:1030D400024A034903480BF037BE00BF7C120020AC
:1030E4001108000054250020024A034903480BF04C
:1030F4002BBE00BF7C120020110800009C2400207D
:10310400024A034903480BF01FBE00BF7C12002093
:1031140011080000C4240020024A034903480BF0AC
:1031240013BE00BF7C1200201108000044250020BB
:10313400024A034903480BF007BE00BF7C1200207B
:1031440011080000A4240020024A034903480BF09C
:10315400FBBD00BF7C12002011080000CC2400201D
:10316400F8B5002705463C46B4B33946284609F06D
:1031740055F808B3BB1D04F1040E00F1040C55F816
:103184002360B6F5803F47D000F582715CF8042BCC
:1031940036FB02F336FB12F203F30F0302F30F02C2
:1031A400C3EA0243DEF8002093FA12F38C454EF88A
:1031B400043BEBD108F0E6FF0137042FD4D12846B5
:1031C4002146002209F006F82046BDE8F84008F040
:1031D400D9BF0137042F3AD03946284609F02AF8D6
:1031E40004460028F5D0BB1D55F82300B0F5803FF8
:1031F400E2D0211D04F582760B6830FB03F230FB2C
:1032040013F302F30F0203F30F03C2EA034341F87B
:10321400043BB142F0D1CFE700F10C0204F10C03FE
:1032240000F5867C53F8081C52F8086C91FA16F1E4
:1032340043F8081C53F8041C52F8046C91FA16F174
:10324400083243F8041C08339445EBD1B2E7F8BDC7
:10325400024A034903480BF077BD00BF7C120020EB
:1032640011080000D4240020024A034903480BF04B
:103274006BBD00BF7C120020110800001C2500203B
:10328400024A034903480BF05FBD00BF7C120020D3
:10329400110800005C250020024A034903480BF092
:1032A40053BD00BF7C1200201108000064250020DB
:1032B400024A034903480BF047BD00BF7C120020BB
:1032C4001108000084250020024A034903480BF03A
:1032D4003BBD00BF7C12002011080000DC2400204C
:1032E400024A034903480BF02FBD00BF7C120020A3
:1032F400110800006C250020024A034903480BF022
:1033040023BD00BF7C120020110800008C25002082
:1033140010B5054C04F1080009F0F2F82046BDE8A8
:10332400104009F0EDB800BFE424002010B5084CAB
:103334000021204609F08AF804F10800002109F070
:1033440085F8044A04490020BDE810400BF0FCBC99
:10335400E42400207C120020F1100000024A0349FA
:1033640003480BF0F1BC00BF7C12002011080000E0
:103374004C250020024A034903480BF0E5BC00BF7A
:103384007C1200201108000074250020024A034921
:1033940003480BF0D9BC00BF7C12002011080000C8
:1033A4007C250020024A034903480BF0CDBC00BF32
:1033B4007C12002011080000F4240020024A034972
:1033C40003480BF0C1BC00BF7C12002011080000B0
:1033D4002425002000207047704700BF036D0BB107
:1033E40001207047406D003818BF0120704700BFAE
:1033F40010B50446806D18B10BF032FE0023A365AE
:10340400236D2BB104F11800BDE8104006F0DAB9C1
:10341400636D002BF6D110BD10B50446806D00B16C
:1034240010BD4FF480700BF013FEA065B0B1002204
:10343400236D02703BB101464FF48072184605F0CB
:1034440011FEA06D10BD636D002BE9D001464FF451
:103454008072184603F0B4FAA06D10BD014B1846F3
:10346400A36510BDC72C002038B5056D6DB10BB137
:10347400002038BD1146284604F030FB0028F7D060
:103484002846BDE8384004F0CBBC446D002CEFD096
:10349400204601F0E7FE0028EAD02046BDE8384087
:1034A40002F05ABD8A79A2F150031B0622D402F21B
:1034B4006C72F0B54B7985B0046D01330D798E785B
:1034C4004F78DBB209784CB1204601960095CDE9DE
:1034D4000271042104F038FC05B0F0BD406D0028F1
:1034E400FAD001960095CDE90271042102F078FC2E
:1034F40005B0F0BD0020704710B50446006D80B1E2
:10350400037813F0700F00D110BD002104F0E6FA27
:10351400606D0028F8D000220023BDE8104001F0BF
:10352400A1BE606D0028EFD090F8313013F0500F39
:10353400EAD000220023BDE8104001F093BE00BF92
:10354400036D10B50C4682B02BB30DF1060201A930
:10355400184603F069FE38B3BDF80430BDF8062000
:1035640053EA020120D0C2F3451C02F01F00D20A24
:10357400C3F34311400084F801C0A2705A0A013910
:1035840003F01F0302F5EA622070012061712371C8
:10359400A27102B010BD406D30B10DF1060201A957
:1035A40001F006FD0028D7D1002002B010BD00BFF5
:1035B400036D10B50C4682B02BB30DF1060201A9C0
:1035C400184603F021FE38B3BDF80430BDF80620D8
:1035D40053EA020120D0C2F3451C02F01F00D20AB4
:1035E400C3F34311400084F801C0A2705A0A0139A0
:1035F40003F01F0302F5EA62207001206171237158
:10360400A27102B010BD406D30B10DF1060201A9E6
:1036140001F0BCFC0028D7D1002002B010BD00BFCF
:103624000369D3B10E4810B41C68E46884420FD116
:10363400186D18B15DF8044B04F02CBC586D18B12A
:103644005DF8044B02F0FABC00205DF8044B7047AF
:10365400184623465DF8044B18470020704700BF06
:1036640009170000006990B10368154A1B69934269
:1036740025D1036D63B1187810F0080007D0D8691C
:103684005B69C01A48BF6FF0004070471846704726
:10369400436D002BFAD093F8310010F00800F6D0F7
:1036A400186919685A69401A5B6862EB0303B0F140
:1036B400004F73F10003EAD36FF0004070471847DE
:1036C40005180000036963B11A68074992698A42C0
:1036D40008D1186D08B104F031BB586D08B102F07F
:1036E40009BA70471846104789160000036973B178
:1036F4001A68084952698A4207D1186D08B104F062
:1037040079B8586D18B101F097BD184610474FF0BD
:10371400FF307047E1150000036D13B158690021B3
:103724007047436D13B1D3E9000170471846194639
:10373400704700BF036D13B1D86900217047436D12
:1037440013B1D3E90401704718461946704700BF06
:10375400F0B595B000224FF47A74244F1831054621
:1037640004A88DF80C200097CDE90124CDE912229C
:1037740006F094F8129B002B2DD05C20002609F053
:1037840045FC019B04464660C36004A9029B1830B3
:1037940040F8083C9DF80C3000F8043C144B40F809
:1037A400183C144B40F8103C05F0CAFF124B4FF480
:1037B4007A72A7602B606368A66501336E602E730E
:1037C400AA602C6163600D4B04A8009305F0FAFF16
:1037D400284615B0F0BD139B002BCED1064A2B739F
:1037E4002A602B61C5E90134EDE700BF0C09002014
:1037F400300900208C090020E0080020D4070020B4
:10380400036D13B1184603F0F5BF406D08B101F024
:1038140013BD4FF0FF307047836C13B1184603F0AB
:10382400E9BFC06C08B101F007BD4FF0FF3070472D
:10383400036D33B11B7813F0700F14BF0120002007
:103844007047406D30B190F8313013F0500F14BF11
:1038540001200020704700BF036D13B1184603F028
:10386400F5BE406D08B101F017BC4FF0FF30704752
:10387400836C00B583B063B101220DF107011846D2
:1038840003F0E4FE01280CD19DF8070003B05DF8B5
:1038940004FBC06C28B101220DF1070101F0FCFB0F
:1038A400F0E74FF0FF30F1E7036D13B1184604F071
:1038B40045BA406D08B102F01DB97047836C13B16D
:1038C400184604F03BBAC06C08B102F013B9704753
:1038D400036923B31968134A10B58C6882B0944203
:1038E40014D1186D48B101220DF1070103F0AEFEA9
:1038F40090B19DF8070002B010BD586D0028F8D0B3
:1039040001220DF1070101F0C7FBF1E701220DF1DE
:1039140007011846A047EBE74FF0FF30EBE74FF005
:10392400FF30704739160000036D13B1184604F0D8
:10393400B1BA406D08B102F081BB7047836C13B11A
:10394400184604F0A7BAC06C08B102F077BB704700
:1039540000B5836C83B08DF8071043B101220DF1DB
:103964000701184604F096FA03B05DF804FBC06C36
:103974000028F9D001220DF1070102F05FFB03B02A
:103984005DF804FB8A79A2F150031B0622D402F2EB
:103994006C72F0B54B7985B0046D01330D798E7876
:1039A4004F78DBB209784CB1204601960095CDE9F9
:1039B4000271022104F0C8F905B0F0BD406D002881
:1039C400FAD001960095CDE90271022102F008FABD
:1039D40005B0F0BD00207047836C53B1187810F027
:1039E40008000DD0D8695B69C01A48BF6FF0004069
:1039F4007047C36CA3B193F8310010F0080000D1F4
:103A04007047186919685A69401A5B6862EB0303C6
:103A1400B0F1004F73F10003F2D36FF00040704730
:103A24001846EDE7036D53B1187810F008000DD077
:103A3400D8695B69C01A48BF6FF000407047436D96
:103A4400A3B193F8310010F0080000D17047186951
:103A540019685A69401A5B6862EB0303B0F1004FBE
:103A640073F10003F2D36FF0004070471846EDE79E
:103A740000B5006983B08DF8071060B10368104A7F
:103A8400DB68934215D1036D43B101220DF10701A7
:103A9400184604F0FFF903B05DF804FB406D0028FC
:103AA400F9D001220DF1070102F0C8FA03B05DF864
:103AB40004FB01220DF10701984703B05DF804FBF4
:103AC4000917000038B504460C4B806D236018B10B
:103AD4000BF0C6FA0023A365236D04F118054BB15E
:103AE400284605F06FFE064B2846A36005F06AFEE3
:103AF400204638BD636D002BF2D1F4E73009002075
:103B0400D407002038B504460E4B806D236018B1ED
:103B14000BF0A6FA0023A365236D04F118056BB11D
:103B2400284605F04FFE084B2846A36005F04AFEE0
:103B340020465C2109F06CFA204638BD636D002BE9
:103B4400EED1F0E730090020D407002030B4029C05
:103B540011469C4634B1012C1CD0022C0ED00020FE
:103B640030BC7047056DF5B14FF0FF33934274EBF1
:103B74000C04F4D3284630BC03F0B0BF026D0AB382
:103B8400D36959184CF10003002BE8D1104630BC1E
:103B940003F0A4BF026D62B1536959184CF10003DC
:103BA400002BDCD1F2E7406D0028D8D030BC01F006
:103BB40059BB406D0028D2D0D0E900238A184CEBC1
:103BC4000303F3E7406D0028C9D0D0E9042330BCD7
:103BD4008A184CEB030301F045BB00BF70B5244BBE
:103BE400044605690360002D32D06E68013E6E60A4
:103BF40076BB2B681F4ADB6A93422FD1A86D10B1A4
:103C04000BF02EFAAE652B6D23B305F1180005F009
:103C1400D9FD2569E5B12B68174A5B68934224D125
:103C2400164BA86D2B6018B10BF01AFA0023AB6584
:103C34002B6D05F11806A3B1304605F0C3FD104BFA
:103C44003046AB6005F0BEFD5C21284609F0E0F982
:103C5400204670BD6B6D002BD7D1DAE72846984714
:103C6400D7E76B6D002BE7D1E9E728469847EFE7E4
:103C7400E0080020D1110000E51800003009002000
:103C8400D407002070B5264B044605690360002D57
:103C940032D06E68013E6E6076BB2B68214ADB6AC7
:103CA400934233D1A86D10B10BF0DAF9AE652B6DE8
:103CB40043B305F1180005F085FD2569E5B12B68CE
:103CC400194A5B68934228D1184BA86D2B6018B130
:103CD4000BF0C6F90023AB652B6D05F11806C3B1D3
:103CE400304605F06FFD124B3046AB6005F06AFDBF
:103CF4005C21284609F08CF92046142109F088F942
:103D0400204670BD6B6D002BD3D1D6E7284698476B
:103D1400D3E76B6D002BE3D1E5E728469847EBE743
:103D2400E0080020D1110000E5180000300900204F
:103D3400D4070020B1F5803F4FEA21235FFA81FCCC
:103D440011DA0F495A1C023331F9122031F91300E8
:103D5400CCF580730CFB00F002FB030080300012F2
:103D640000F5C040704740F2FF110548C3F50072EA
:103D7400C91A30F9122030F9110052424042E7E7E3
:103D84004C0E0020B1F5704F2DE9F0410F46064668
:103D9400904627DC1D460C4605E004F580540135A9
:103DA400B4F5704F17DC002CF7DB21463046B8F130
:103DB400000F25D0FFF7BEFF05F00F0304F5805474
:103DC400013506EB8303B4F5704FD3F8102110448A
:103DD400C3F81001E7DDC7F570420B4B07F58057B8
:103DE40013401F44D6F8083106EBC302013303F035
:103DF4001F03976082F80C80C6F80831BDE8F08193
:103E0400FFF798FF4042D7E700F0FFFF2DE9F04F9E
:103E1400D0F8084183B0D0F80C81D0F804A0A4EB0A
:103E240008020194D3063DD00646DFF88090013C99
:103E3400304604F01F0406EBC407BD6897F80CB0C5
:103E4400294605F58055FFF775FFB5F5003FBD60C0
:103E540008DBBBF1000F726814BF4FF440414946C0
:103E64000A447260BBF1000F00D14042A045824475
:103E7400DDD108F1010856F83820B2F5003F11DB16
:103E840008F01F02019B9342C6F80C210AD002F1EC
:103E9400010856F83820B2F5003F03DB08F01F0292
:103EA400C6F80C21504603B0BDE8F08F0040FFFF78
:103EB400002938B50446154603DB0268002A20DBD6
:103EC40038BD0368002BFBDBD0F85401CA1AC11AB1
:103ED40000230803090D0AF03DFF40F6FF7194F832
:103EE4005031B0F5805F18BF0146002BE8D02B4657
:103EF400002249422046FFF745FF002384F8503151
:103F040038BDC2F1000C00238A1A4FEA0C304FEA84
:103F14001C510AF01FFF40F6FF7194F85031B0F5C0
:103F2400805F18BF0146002BCAD12B4601224942AB
:103F34002046FFF727FF012384F8503138BD00BF26
:103F44002DE9F8430D4690F85011044617461E46D5
:103F5400E9B10268D0F854118A4251D2AA4201D878
:103F6400A9424DD8891A0023AA1A0803090D0AF098
:103F7400F1FEB0F5805F33464FF0000214BF4142BA
:103F840020492046FFF7FEFE002384F85031D4F880
:103F94000080B8F1000F33DA002D31DBC8F10001E5
:103FA400A5EB08090023C4F8547108034A46090D17
:103FB4000AF0D0FEB0F5805F33464FF0010214BF23
:103FC400414210492046FFF7DDFE0123BD4284F83B
:103FD400503115D3A7EB08014A4600230803090D05
:103FE4000AF0B8FEB0F5805F33464FF0000214BF0C
:103FF400414204492046FFF7C5FE002384F85031AE
:10400400BDE8F88301F0FFFF70B50E1E05461446A7
:104014001BDBFFF7FBFE2A684FF44043002AA2FB98
:104024000313A3F5C04300FA83F309DB04F00F0480
:1040340005EB8404B4F91001C4F810312E6070BD8E
:104044006A6802F540426A60F0E70268002A12DBFF
:10405400C2F100410023B21A0803090D0AF07AFEE6
:10406400B0F5805F23464FF0000214BF4142094976
:104074002846FFF787FE31462846FFF7C7FE2A6821
:104084004FF44043A2FB0323A3F5C04300FA83F398
:10409400CCE700BF01F0FFFF436A2DE9F04F05466E
:1040A40085B0076AD0E906462BB904EBC6148461CF
:1040B40005B0BDE8F08F08F00FF80090002858D044
:1040C400E3190193009B1C1DB5F932300C2B2AD83F
:1040D400DFE813F088007A000D00A600C600EB00AC
:1040E400050114012D01540054006D019301686A07
:1040F40020F34F00009AC0F1000C00B2931D02F5AA
:10410400837E0FFA8CFC019A002A03F102033244E5
:10411400ACBF0146614623F8041C9E45F4D1019BC3
:1041240003EBC61301932B6A019AD21AB5F9343002
:10413400AA617BB1009A02F582711A4601E0B5F9D1
:104144003420B4F90030134403F30F0324F8023B82
:10415400A142F4D1009C28460022214608F03AF8F6
:10416400204605B0BDE8F04F08F00CB8009808F000
:1041740009F8AB6903EBC613AB6199E7009B05F142
:104184003809DDF804B04FF0000803F1060A0BE02B
:1041940002FB00F0031408F101080AF1020A2AF8EC
:1041A400043CB8F1800FBAD0B3444246484659465D
:1041B400FFF72AFFB5F932306A6A0A2BE8D1524276
:1041C40000FB02F21314E6E7009B6F6A03F58270AA
:1041D400019A234637FB12F123F8021B984232441A
:1041E400F8D19CE7009B21466F6A03F5827C019A13
:1041F400A948130EC2F30F2E30F9139003F10108EE
:10420400CEF5803330F9188009FB03F30EFB083335
:1042140053FB07F321F8023B8C453244E9D17EE796
:10422400009B4FF6FF78019803F1060E03F583799E
:10423400D5F824C0820F0EF1020EC313A8EBD031BF
:10424400013A0CFB03F33044012A0CFB01F14FEA61
:10425400234398BF0B142EF8043CF145EAD15EE7E2
:10426400E86A002882D0009B21466F6A03F5827CAD
:10427400019A130EC2F30F2803F1010EFF2B30F93C
:10428400139014BF00EB4E0E8646BEF90030C8F5FD
:10429400803E08FB03F30EFB093353FB07F321F8BD
:1042A400023B8C453244E4D139E7686A20F34F007D
:1042B400009AC0F1000CAF6A00B2931D02F5837E30
:1042C4000FFA8CFC019A974203F10203324494BF23
:1042D400614601469E4523F8041CF4D11FE7009B68
:1042E400686A03F5827C019AC043234630FB12F1CD
:1042F40023F8021B9C453244F8D110E7009BA146E9
:10430400DDF8048003F5827A02E0CA453FF407AF82
:10431400B5F9303018EB060829F8023BF5D3686A82
:1043240008F0AAFA6B6AA0EB63002886EDE7AB6A93
:104334004FF6FF724FF0FF3B00984FEA1349039486
:10434400811D4FEA5308A2EB090200F5837AD5F8E0
:1043540024C06FF00047BBFBF9F9BBFBF2FB6FEA2B
:1043640053020292019A029CA2EB530E0BE01B0C27
:104374000CFB03F31B1421F8023C02313244B64413
:10438400514500F08280130C904509FB03F3EED8ED
:1043940008EB02034FEA1E4094424FEA13430BFB1F
:1043A400107069D900140CFB00F00314E3E705F165
:1043B400380A019FA3464FF000083744424650464E
:1043C4003946FFF775FD39465046FFF71FFD08F0E3
:1043D4000F0208F1010805EB8202B8F1800FB2F96F
:1043E4004831C2F84801696AAF6301FB03F34FEA3D
:1043F40023432BF8023BE0D191E605F13809019FF4
:10440400A0464FF0000B0294AC6A37445B46484622
:1044140022463946FFF794FD39464846FFF7F6FC35
:104424001E4BA3FB043C0BF00F030BF1010BA4EB9D
:104434000C0A05EB8303BBF1800F0CEB5A0CD3F889
:1044440048114FEA1C4CCCF5405C6044C3F8480169
:104454004FEA61136A6AC3EB6103AF631BB202FBE9
:1044640003F34FEA234328F8023BCDD1DDE90134BD
:1044740003EBC613019356E609FB03F303F1004370
:104484001B140CFB03F31B1475E7019B039C03EB48
:10449400C613019347E600BF80020020016000803C
:1044A40000224FF4C041C0E94222C0E90021704714
:1044B4002DE9F84386690EB9BDE8F883044607F090
:1044C4000BFE05460028F7D000F10C0100F5867CB0
:1044D400E36944F2A712294812FB13FE9BB200EAD7
:1044E4000E4702FB03F303EBDE331F4427F00043C4
:1044F40003EBD77336FB03F712FB13F800EA084EFD
:104504009BB20EEBD83E02FB03EE2EF0004303EB0E
:10451400DE7336FB03FEC7EA0E4712FB13F800EA0C
:10452400084E9BB20EEBD83E02FB03EE2EF0004386
:1045340003EBDE7336FB03F812FB13F900EA094EB2
:104544009BB20EEBD93E02FB03EE2EF0004303EBCD
:10455400DE7336FB03FEC8EA0E4841E902780831EF
:104564006145B9D120462946E361002207F032FEB5
:104574002846BDE8F84307F005BE00BF0000FF7FF2
:1045840090F81CC04160BCF1020FC26001D1836885
:10459400184707F0CFBF00BFF0B4046840F201250C
:1045A4001E462561A3B121B311F8015B013B656689
:1045B400256FAF0707D41546013E676F1AB105F89A
:1045C400017B2A4604686569ED07F1D5002BEAD121
:1045D4006EB10368196F8907FAD41146013E5B6F07
:1045E400002AF5D001F8013B0A46002EF1D1F0BCB7
:1045F400704790F83C50D9E7324B334930B5D3E992
:1046040011542079C8771A6C95F804C081F81CC03D
:10461400087752B1B2F5004F23D32C4911442A4AEA
:104624001964D07682F81BC030BD19680F24D86C89
:104634008C6540F20134CA610C614FF47C544C61C6
:1046440003210468246883F83D10214B9C4226D141
:10465400037F4260022BC26026D18368BDE83040EC
:1046640018472D68E98B090422D492B2EA832168A1
:10467400EC8BA4B2EC82CC8B240405D5CC8BC2F396
:10468400080204F47E442243CA83CA8B92B2CA82CB
:1046940000210D4A1964D07682F81BC030BD234630
:1046A4001146BDE830401847BDE8304007F042BF2E
:1046B400E98BC2F3080E92B201F47E4141EA0E0185
:1046C400E983D4E70012002000800E400180FFFF40
:1046D4006123000043682DE9F04FD3E90041814D87
:1046E4004FF0B80A22684FF0020822EA01027E491C
:1046F4002260AA6911407D4A0A43AA6190F810E039
:104704007B4A03EB0E0603EB8E0E317C02EB0111A8
:104714008968C1F800A090F811C003EB0C050CF1F6
:104724000A0C95F8241002EB01118968C1F800A065
:10473400817C03EB010903EB810199F838B002EBAA
:104744000B1BDBF808B0CBF800A0D4F800A05F681E
:104754004AEA070AC4F800A0347CDEF814E002EB4D
:1047640004146468C4F800E095F8244053F82CC09D
:1047740002EB04146468C4F800C0C96B99F83840AB
:1047840002EB0412526811609A6C99F8441011609B
:104794001A6A317F5B6B116095F830201A600F2222
:1047A4000368C3F810809A65C27C002A31D072B6BF
:1047B400C37CDC0708D54FF0E0214469D1F880219F
:1047C40022408262C1F88021990708D54FF0E02188
:1047D4008469D1F884212240C262C1F884215A0735
:1047E40008D54FF0E021C469D1F888212240026342
:1047F400C1F888211F0708D54FF0E021046AD1F8D9
:104804008C2122404263C1F88C21DE0655D462B665
:104814000368384C8268A24259D0324A8460926953
:104824003549C2F30116C2F38262344D51F82610A1
:104834000132B1FBF2F2AA4231D80022C260002454
:1048440003211C610724596201211A641C66196141
:10485400C37C13B3DD0704D5816A4FF0E022C2F8AC
:1048640000119C0704D5C16A4FF0E022C2F804117C
:10487400590704D5016B4FF0E022C2F808111A075A
:1048840004D5416B4FF0E022C2F80C11DB0604D5CD
:10489400826B4FF0E023C3F81021BDE8F08F184974
:1048A400A1FB0251090DB2FBF1F2A24288BF013112
:1048B400B1F5817F0DD3134AC0E74FF0E022416A7E
:1048C400D2F890310B408363C2F890319FE7C268FD
:1048D400B5E70229B1D902394C08220242EA04425E
:1048E4000A43ABE700C00F40CFFFFFE3100000080E
:1048F400680A002000093D00580A0020FF083D0016
:1049040083DE1B43FF7F7F000BB1FFF745BE70477B
:104914004368D3E900120968114200D1704710B509
:1049240002680446002005211061227C1344187C8F
:1049340008F092FA627C63680521134493F824001A
:1049440008F08AFA6368A27C05211344BDE810408C
:1049540093F8380008F080BA704700BF012BF0B517
:10496400054695B03DD0022B40F2022001F104012E
:104974000CBF03460023684605F03EF8129B002B4B
:1049840038D05C20002608F041FB214B04AF0446DC
:10499400C0E90036019B3946183040F80C3C1D4BE9
:1049A40040F8103C029B40F8083C9DF80C3000F89D
:1049B400043C04F0C5FE184B4FF47A72A665A3605C
:1049C400164B6E602B6063682E730133AA602C61F2
:1049D4006360134B3846009304F0F4FE284615B088
:1049E400F0BD44F202230431684605F005F8129B39
:1049F400002BC6D1139B002BC3D14FF47A71074A05
:104A040004AF2B732A602B61C5E90131E1E700BFD4
:104A1400300900208C0900200C090020E008002047
:104A2400D407002010B5D0F884448EB00A4644B1AF
:104A3400002321466846009302F0B4FD80B90EB00D
:104A440010BDD0F8881441B1234668460C9400F098
:104A5400C7FE50B900200EB010BD08460EB010BD00
:104A6400684602F0F3FF0EB010BD684600F076FF12
:104A74000028EFD0E3E700BF70B5D0F884548EB0BF
:104A840016465DB105F5896500230A466846294640
:104A9400009302F005FD90B90EB070BDD0F8880403
:104AA4000028F9D000F589640A462B466846214659
:104AB4000C9500F019FE48B900200EB070BD3246C6
:104AC4002946684602F0CCFE0EB070BD324621463F
:104AD400684601F097F80028EED0DDE710B5D0F86D
:104AE40084448EB00A464CB1002001232146009034
:104AF400684602F057FD80B90EB010BDD0F8881496
:104B040041B1012368460C9400F06AFE50B90020BC
:104B14000EB010BD08460EB010BD684603F048FE46
:104B24000EB010BD684600F0BFFE0028EFD0E3E7EA
:104B340030B5D0F884448FB00A464CB10025012327
:104B440004F589616846009502F034FC0FB030BD6D
:104B5400D0F888040028F9D000F58961012368465B
:104B64000C9401F0D1F80FB030BD00BF10B5D0F8EF
:104B740084448EB00A463CB1002321466846009323
:104B840002F010FD0EB010BDD0F8881431B12346E8
:104B940068460C9400F024FE0EB010BD08460EB01A
:104BA40010BD00BFF8B5054690F8D00408B9014619
:104BB400F8BDD5F88434002B4CD0DC69D5F89004CA
:104BC400013C002854D00368DB6B9847E0B1D5F86A
:104BD400900478B303681B6C9847A8B9D5F890047F
:104BE40040B3036801215B6C9847074610B3D5F8BE
:104BF400840458BBD5F8886433466EB9D5F890045C
:104C040090B900200146D3E7D5F88404E8B9D5F873
:104C14008834002BF5D00746184602F049F90646B9
:104C24003FB1D5F8900428B1036800215B6C984724
:104C340000B1A41BD5F88434FBB19B794FF4007107
:104C4400994089B2A1FB0401F8BD002704F002FCDD
:104C54000646E5E7D5F88834D5F89004B3B1D3F81F
:104C640030440028AFD1184602F022F90646E0E7A6
:104C7400184604F0EFFB0646DBE7D5F88864002EFF
:104C8400BFD0D6F83C14A1FB0401F8BD0028B8D06D
:104C94001C4698E790F8D03463B1D0F8843463B1FB
:104CA4009A794FF40070D9699040013980B2A0FB21
:104CB40001017047184601467047D0F8880400285F
:104CC400F9D0D0F83C14D0F83004A1FB00017047AF
:104CD4002DE9F043D0F890548DB04DB198462B682F
:104CE40004462846DB699847B0F5405F064604D879
:104CF400002630460DB0BDE8F0834FF400700AF092
:104D0400A7F907460028F3D00DF10409B6F1806F26
:104D140002464346294648462ED901F095FB0646ED
:104D240038460AF09DF9002EE2D02B682846271D4C
:104D34001B6A984794F8C034FF2B21D0D4F8C434AC
:104D440004F5946502932846D4F8C8340393B4F860
:104D5400C034ADF8043099E80E0005F013FD94F862
:104D6400B134C4F89054002BC3D1012329463846EA
:104D74001A4604F0CFFDBCE704F032F80646CFE74C
:104D840004F2944594F8CC14284606F043FB2846D4
:104D9400C4F8905405F0A0FD0028AAD10123D4F84A
:104DA400901438461A4604F0B5FDA2E7F0B5D0F8E1
:104DB400906485B00446002E42D090F8D05490F808
:104DC400D13485B1FE2B63D094F8D20436283DD972
:104DD4003368694630469B6C98470546284684F8F4
:104DE400D05405B0F0BDFE2B26D090F8D20436285E
:104DF40049D994F8C034271DFF2B2DD0D4F8C434DE
:104E040004F59466D4F8C82401933046B4F8C03449
:104E14000292ADF800306B460ECB05F0B3FC94F86B
:104E2400B134C4F8906463B90123314638461A4654
:104E340004F070FD054604E01F4B9B689B03D8D427
:104E44000025284684F8D05405B0F0BD07F0F2FFE1
:104E5400051E18BF0125F4E704F2944694F8CC1417
:104E6400304606F0D7FA3046C4F8906405F034FDB5
:104E74000028E6D10123D4F8901438461A4604F0E9
:104E840049FD0546DDE707F0D5FF0028B1D1D7E796
:104E9400336830465B6D9847421C034694D0002823
:104EA400CFD194F8D124FE2ACAD103212E201D4645
:104EB40007F0D2FFC5E700BF0080004218484FF05A
:104EC400290C184A0023184910B4C0F89424072266
:104ED40080F8B1C44FF0FF0CC0F8A8144FF47F4120
:104EE400124CC0F8AC24124AA0F8D014A0F89C3498
:104EF40080F8B53480F8CC3480F8D2C40460C0F8AB
:104F0400A0240C490C4A5DF8044BC0F88434C0F862
:104F14008834C0F8903480F8BC3409F015BF00BF61
:104F2400001F0020E009002000093D00B009002016
:104F34001C080020392700007C12002070B500F105
:104F4400240384B08C46044601AD164693E807005A
:104F540085E807004FEA4C122946206A01F0C4FE96
:104F6400012806D132462946206A01F0A1FE04B088
:104F740070BD002004B070BD10B5044600F0BAFD49
:104F8400002384F8313084F8333010BD38B514462A
:104F94000D46002200F12401006A01F089FE034657
:104FA40020B1428901202A801B89238038BD00BF9B
:104FB40038B514460D46002200F12401006A01F0C0
:104FC40077FE034620B1C28901202A809B89238071
:104FD40038BD00BF38B50D4690F8311009B1002036
:104FE40038BD382204460AF035FB012340222562ED
:104FF400184684F8333084F8312038BDF0B40D46B7
:105004000978202903D115F8014F202CFBD0156015
:1050140095602C782F2C11D084B16E1C3C2C1D4F24
:1050240035462AD8212C12D804F1FF3CBCF11E0FBE
:1050340016D80020F0BC704715F8014F202CFBD087
:105044002F2CF9D01D601146F0BC01F01FBDA4F156
:10505400220C5FFA8CFC27FA0CFC1CF0010FE8D13F
:105064002E2C01D0202C0DD116F8014B002CE5D0AC
:105074002F2CE3D03C2C3546D4D95C2CD9D003D981
:105084007C2CD6D09660EFE73E3C012CFAD8002069
:10509400F0BC7047012100052DE9F04F90F8333042
:1050A40083B00546DC0774D558060F46904640F198
:1050B400B080D5E90023D5E9041018EB020443F1CC
:1050C4000003A14270EB0303C0F0A980B8F1000F04
:1050D4005BD0464605F11809D5E90032D5F820A081
:1050E400DAF838441C40C4F3080B002C70D1134385
:1050F40070D195F831305A064CBFDAF83424EA6995
:10510400AA619AF84504023ADAF82C14630A824038
:1051140001EB54211144BBF1000F45D1B6F5007FDA
:1051240042D3DAF81C2291423ED0B6F5806F58D3B0
:105134004FF0010B0BFA00FBABEB030B730A9B451F
:1051440028BF9B4691424FEA4B240AD801EB0B033C
:105154009A4206D20AF50470019106F0B5FD019950
:10516400B8B1DAF814025B460268D2F814A03A46E1
:10517400D04770B123462744D5E900125B1842F1A9
:105184000002361BC5E90032A8D1404603B0BDE891
:10519400F08F95F832304FF0FF3043F0020385F87A
:1051A400323003B0BDE8F08FCBF5007400220AF56D
:1051B4000470B44228BF344606F0B2FD0028E8D09B
:1051C40000EB0B012246384607F086FE2346D2E761
:1051D400AA6996E795F833305B060ED5AA690132C1
:1051E4008EE7DAF814023A4603681B6998470028E8
:1051F400CFD04FF400731C46BDE74A465046A96918
:1052040001F0B4FD0028C4DB0CD0D5F820A0AA69B5
:1052140077E795F8313019077FF558AF49E7A1EBE7
:10522400020853E795F8313013F0500FB1D0A8EBD2
:1052340006084046AAE700BFF0B583B00122044641
:1052440085690DF10701D0E90067FFF725FF012803
:10525400A5610CBF9DF807004FF0FF30C4E900675B
:1052640003B0F0BD2DE9F04F1F4690F8313083B004
:105274000446D0F81880002B51D01646D0E9001C03
:10528400BC4508BF91425CD056EA07024DD01D07C9
:1052940004D5D0E90402B042BA4140D394F8332093
:1052A400751ED4F820A0019247F1FF309AF84524E6
:1052B4000932D2B2C2F1200ED540A2F1200900FA7F
:1052C4000EFB20FA09F045EA0B0505430198400658
:1052D40033D4481E20FA02F24CF1FF3051EA0C0C90
:1052E40000FA0EFE20FA09F042EA0E0242EA000237
:1052F40001D0954229D25B064CBFDAF83434E36915
:10530400A36104F1180906E0A169013D206A01F0D6
:105314002DFD002803DD4A46002DF5D107E00020CD
:10532400C4F8188003B0BDE8F08F00238361012026
:10533400C4E9006703B0BDE8F08FE3692B44A361BF
:10534400F5E7012003B0BDE8F08FAD1AD9E700BF3F
:105354002DE9F04F174690F831208FB00546002A0A
:1053640040F0D7808B4691F8311011F0500F00F0C7
:10537400D08003F003019A46032900F0CA8001316A
:1053840003F0080041EA00030293002F00F0CB80F1
:10539400396901F10E08B649A1FB0818DBE90010D0
:1053A4004FEAD808014308F102085FFA88F805D0EB
:1053B40000200021CBF81820CBE900010024029B37
:1053C400264643F040030393202206A95846FFF7DC
:1053D40063FE00B3202840F09C809DF918209DF8BE
:1053E4001830002AC0F2A28034B9DBF80020A2F100
:1053F4002009DBF818200192444501D20134E4B2BB
:10540400002B00F01381202206A958460026FFF73E
:1054140043FE0028DED11AF4007F7AD0029B9B075A
:1054240077D5002F75D0444517D2DDF804A020228B
:1054340006A95846FFF730FE631C002861D02028D7
:1054440067D12CB9DBF80020DBF818A0A2F1200901
:10545400DCB2A045EBD8CDF804A0382200212846C0
:105464009BF833400AF0F6F8DBF82030C4F38014DC
:10547400019A2B620823002685F82C4085F83130E8
:105484003B68C5E909297B60BE81B8F1000F33D0C0
:1054940008F1FF39B346DFF8DCA15FFA89F901228C
:1054A40059462846FFF74AFD044690B390F9002078
:1054B400002A2EDB202200210AF0CCF8002E00F076
:1054C400BC80BBF1010F00F0D780C123A3461E347A
:1054D40004F81E3CBB8938461BB9D7E901239A421C
:1054E40005D006F045FC2BF8020FA345F2D1013696
:1054F4005FFA86FBD845D2D8284600F0FBFA064668
:105504000DE05846DBF8186000F024FB002840F05A
:10551400918000231E4685F8313085F833303046BB
:105524000FB0BDE8F08F4FF0030847E756BB444582
:1055340038BF0024852B7FF447AF314638222846F4
:1055440001260AF087F89DF81C209DF8193085F88B
:10555400303002F03703D20658BF43F0080385F811
:105564003130DBF80030DBF82020203B2A62DBF806
:105574001820C5E909239BF83330C3F3801385F859
:105584002C3021E7C02B28D0C12B7FF43CAF3A4606
:1055940006A9284601F0EEF9E8B1BB89DBB9D7E9E1
:1055A40001329A4217D11AF4006FB2D11AF4884F1B
:1055B40070D195F8333098076CD41AF4806FA8D161
:1055C4001AF4804FABD02846D5E90423FFF74AFEEE
:1055D4000028A4D19DE70646F6E6029B85F8333001
:1055E4009DF819309B0702D5039B85F833300B9B3C
:1055F400EB61DDE90823C5E90423DDE90C23C5E9F2
:105604000223002FCFD04FF000033A69BB813B68DF
:105614007B609DF81B309A427FF4F5AEBE8ABDF8DC
:105624001C30F61AB6FA86F67609CDE6002F7FF41A
:10563400F2AE6EE7CBF818600BE78523237085F88C
:10564400309084F80190DAF80030002B46D00DF148
:1056540013020DF1160105A89847BDF814306381B3
:10566400BDF8163023819DF8133023753FE700BF42
:105674008988888810240020C02384F801B023700E
:10568400029B63F07F0385F833303B69E370BB8A88
:10569400A3802CE795F83130D9063FF53AAF13F0E3
:1056A40001017FF436AF1AF4806F89D095F8332066
:1056B40092077FF52EAF002B3FF42BAFD5E90032D4
:1056C400134304D000220023A961C5E9002328461E
:1056D40000F042FC00283FF41CAF20E745F62123EC
:1056E4006381E381638202E72DE9F043002597B0EB
:1056F400994690F8313001921495ADF81450002B6E
:105704003ED191F831300F4613F0500F38D0137852
:10571400044616462F2B37D04FF0000801AB02AADF
:1057240031462046FFF76AFC50B3019E3378002BC4
:105734003ED0002302AA39462046FFF709FEF8B1FD
:10574400A44608AD04F13007DCF800000CF1100C9D
:105754005CF80C1CAE465CF8082C10355CF8043C74
:10576400BC45AEE80F00EFD1DCF8000008AF2860BC
:10577400204600F0BFF984F8318084F83380CDE707
:10578400002017B0BDE8F08316F8011F2F29FBD0C5
:105794000196B1B9382220463D6A09F05BFF012326
:1057A40040222562184684F8333084F83120E8E733
:1057B4004B4602AA39462046FFF7CAFD17B0BDE89A
:1057C400F0833822002108A83D6A09F043FF012331
:1057D40008AF10958DF8533040238DF851309BE776
:1057E40019B101F58961FFF77FBF0846704700BF13
:1057F40090F8313063B991F8313013F0500F07D07D
:105804000B6813F01F0C03D113466246FFF7A0BDCB
:10581400002070478169F8B50446006A01B101317E
:10582400012201F069F90128054632D90123014614
:10583400206A1A4601F0C0F9064650B3A3695BB367
:1058440094F83320510612D5591CA94218D022F0DD
:105854004002E16984F8332005E0206A01F0A8FAE7
:105864003946B0B1A3694F1C99423A46F5D34FF07B
:10587400FF322946206A01F09BFA50B1A16911B99F
:105884003046A561F8BD2A46206A01F091FA002845
:10589400F6D100263046F8BD94F8333043F0400387
:1058A40084F83330ECE700BF90F833309A0736D5EC
:1058B400C16970B50546A1B90024214607E0037803
:1058C40003F07F03037095F830308B4229D3013401
:1058D40001222846FFF732FBE1B20028EFD1002075
:1058E40070BD5B06006A34D590F84534D5E90224CE
:1058F4000933013ADBB244F1FF34C3F1200CDA403E
:10590400203B04FA0CFC24FA03F342EA0C021A4387
:105914000023013201F050F90028CDD1DFE7002047
:10592400704700232C6A85F83130204685F83330DF
:1059340006F0CAF90028D2D004F5047006F0C4F9C0
:105944000028CCD0D4F840040368BDE870401B6A3A
:10595400184701F04DFA0028AED1C0E790F8313075
:10596400DB0601D40020704710B5002288B0002364
:105974000446FFF777FC08E020281BD19DF900308E
:105984009DF80020002B15DB32B120226946204609
:10599400FFF782FB0028EFD194F833300822204629
:1059A40043F0020384F8312084F83330FFF77CFF9E
:1059B40008B010BD002008B010BD00BF2DE9F041B3
:1059C4004FF0000882B04A4F064644464146002242
:1059D4003046FFF7B3FA054630B10178C02969D0E3
:1059E400C1292BD0852909D096F83230002043F004
:1059F400010386F8323002B0BDE8F08196F8313008
:105A040003F0370383803B6883B10DF103020DF18A
:105A1400060101A89847BDF80630AB812B82BDF87A
:105A24000430EB816B829DF803306B75326A92F817
:105A3400103243F0010382F810322978A1F1850075
:105A44000022B0FA80F0400901E00422A95CE303DB
:105A5400012A02F1010243EA540311FA83F39CB2CE
:105A640001D10028F1D11F2AF0D908F1010896F8D4
:105A740030305FFA88F18B42A9D2012206F1240169
:105A8400306A01F015F90028AED0356A4480284602
:105A940006F01AF90028A7D005F5047006F014F9E9
:105AA4000028A1D0D5F8400403681B6A9847002851
:105AB400A1D199E796F8333013F0400F437814BF1F
:105AC40043F0020303F0FD034370D6E90401D6E971
:105AD4000732C5E90201D6E902016B61C5E9060195
:105AE40092F8103243F0010382F810322978A5E7C6
:105AF4001024002038B590F8313043B390F93320A6
:105B0400044690F83330002A0CDB056A284606F078
:105B1400DBF878B994F83230002043F0010384F8BC
:105B2400323038BD03F07F0380F83330BDE83840AD
:105B3400FFF744BF05F5047006F0C6F80028E9D065
:105B4400D5F8400403681B6A98470028E2D0012076
:105B540038BD00BF70B590F8313005465A064CD4B4
:105B640080682B6AD3F83C341844B0F1806F01D3B9
:105B7400002070BD2846FFF74DFE0028F8D0286AA3
:105B84000024AE6990F84534023E9E40D0F82C348F
:105B94001E443119052200F50470013406F0C0F8E2
:105BA4004FF4007200210028E2D009F053FD286A66
:105BB400012390F8452493409C42EAD395F8313070
:105BC4005B0615D495F8332062F07F02D5E90231E3
:105BD40085F83320D0F83C249B1841F10000AB60D9
:105BE400D5E90431E8609B1841F10001C5E90431AD
:105BF4002846BDE87040FFF77DBF006A01F0FEF95A
:105C0400AFE700BF70B5044690F831009CB00023A4
:105C140010F0180F0C931A9303D0206A0B6A984261
:105C240002D000201CB070BD40F601236846FFF787
:105C34005BFD0028F5D0A44604F130060EADDCF877
:105C440000000CF1100C5CF80C1CAE465CF8082C3F
:105C540010355CF8043CB445AEE80F00EFD1DCF835
:105C6400000009AA04F1240328609DF8305007CAF3
:105C740083E8070094F83330204684F8305063F00A
:105C84007F0384F83330FFF735FF0028C9D00021A3
:105C9400022208230EA815918DF86B208DF8693027
:105CA400FFF702FEBEE700BF38B591F8313013F0BC
:105CB400500F02D10025284638BD40F60223044681
:105CC400FFF746FB0028F5D01023204684F8313036
:105CD400FFF740FF05460028ECD0A169002200230D
:105CE4002046E161FFF7BEFAC12294F8313084F80E
:105CF4003320002BDFD04123204684F83330BDE825
:105D04003840FFF75BBE00BFF0B5002597B01F46D3
:105D140090F831300192ADF814501495002B46D10F
:105D240091F831300E4613F0500F40D013780446EA
:105D340011462F2B3ED001AB02AA2046FFF75EF995
:105D4400002834D0019B1B78002B41D0002302AAE9
:105D540031462046FFF7FCFA30B947B302AA314670
:105D64002046FFF7A1FF10B3A44608AD04F13006A6
:105D7400DCF800000CF1100C5CF80C1CAE465CF86E
:105D8400082C10355CF8043CB445AEE80F00EFD1A4
:105D9400DCF8000008AE28602046FFF7EDF8019912
:105DA40001AB02AA2046FFF729F90028CAD1002036
:105DB40017B0F0BD013101910B782F2BFAD0316A65
:105DC40008A8FFF707F90028F1D0019908AEB2E757
:105DD40002AA31462046FFF767FF17B0F0BD00BFA7
:105DE4002DE9F04F0E4690F8311083B009079DF865
:105DF40030B09DF834909DF838809DF83C7040F1A7
:105E04008580A2F2BC7294B27F2C7FD85A1E0B2AD2
:105E14007CD80BF1FF321E2A78D8B8F13B0F98BF1B
:105E2400B9F1170F8CBF4FF0010A4FF0000A3B2F56
:105E340088BF4AF0010ABAF1000F67D10546019301
:105E4400FFF758FE002861D0019B51464BEA431BE3
:105E54007B0817F001074BEA4424D34643EA481869
:105E640018BF6427A4B248EAC92806F001091FFA3A
:105E740088F800222846FFF761F8002846D090F8F9
:105E840000C0BCF1850F45D00CF14003DBB2012BFF
:105E94003CD8ACF185010023B1FA81F1490902E053
:105EA400042310F803C04FEACB32012B03F10103A2
:105EB40042EA5B021CFA82F21FFA82FB01D100293A
:105EC400EED11F2BEDD90AF1010A95F830305FFAB3
:105ED4008AF18B42CDD2012205F12401286A00F017
:105EE400E7FE98B12C6AA0F802B0204605F0ECFE5B
:105EF40060B104F5047005F0E7FE38B1D4F840044D
:105F040003681B6A03B0BDE8F04F1847002003B0D4
:105F1400BDE8F08F95F831302A6A03F037038380A7
:105F240092F8103243F0010382F81032B9F1000FF5
:105F340002D0A0F810804482B20703D50775A0F8F8
:105F440008804481730703D54775A0F80C80C48189
:105F540090F800C09DE700BF90F833309A0762D5EF
:105F640070B5C56982B00446A5B313F0400634D0B9
:105F7400006AA26890F845C4013AE1680CF1090C82
:105F840041F1FF315FFA8CFCCCF1200E22FA0CF2C5
:105F9400ACF1200C01FA0EFE21FA0CFCA16942EAD4
:105FA4000E0242EA0C02013219B3013D6D1A0131AD
:105FB4002A44019172BB63F07F03204694ED007B79
:105FC40084F8333084ED027B84ED047BFFF792FD8B
:105FD40002B070BD012002B070BD816961B9019544
:105FE400C1612946206A00F003FFC8B194F8333038
:105FF400E1E70195E161DDE701AA006A019600F09D
:10600400B5FE00280CDB10D1019D002DE9D194F8D8
:106014003330D0E70023019900F0CEFD0028E5D10C
:10602400002002B070BD002070474FF0FF32A1691C
:10603400206A00F0BDFE0028E6D1F1E72DE9F04327
:1060440090F8333083B004469D0740F1A180914617
:106054001A070E4600F19580B9F1000F00F028816F
:1060640023684D46206AA169D0F8382402EA03085F
:10607400C8F30807B8F1000F40F09480002900F03D
:10608400D48094F833305B0640F1EC8090F845C43A
:10609400D4E902320CF1090C013B5FFA8CFC42F1A9
:1060A400FF32CCF1200E23FA0CF3ACF1200C02FAEF
:1060B4000EFE22FA0CFCE26943EA0E0343EA0C03E7
:1060C4001344994280F0D5800131A16190F84524B0
:1060D4000239D0F82C3491401944B5F5007FC0F052
:1060E4008A80B5F5806FC0F0A680012393406A0AC8
:1060F400A3EB0803934228BF1346D0F81C228A421C
:106104004FEA432809D35F18BA4206D2002280F826
:1061140010224FF0FF32C0F81C22D0F8140232468D
:106124000768BF6AB84798B343464644A5EB0805D9
:10613400D4E90072D4E90401DB1942F10002984267
:106144009141C4E9003207D294F8331061F07F0121
:10615400C4E9043284F83310002D83D1D4E9020158
:1061640098429141C0F09680534B1B68002B00F07D
:106174009D8094F83330484663F07F0384F83330CD
:106184000DE0D0E90423FFF76DF800287FF464AF35
:1061940094F83230002043F0010384F8323003B025
:1061A400BDE8F08390F8452402394FEA5828D0F826
:1061B4002C34914041441944002F8ED0C7F5007807
:1061C400012200F50470A84528BFA84605F0A8FDE3
:1061D4000028DDD0384447444246314606F07CFE70
:1061E400B7F5007F206A9FD100F5047005F06CFDBF
:1061F400002899D1CCE7626863690092019322690F
:1062040023689342DDE900239A4112D2012200F56A
:10621400047005F085FD0028BAD02A46314638447A
:10622400A84606F059FE2B467FE7E16949B3A16110
:106234004CE70522EBE7D0F81C328B4206D1002351
:1062440080F810324FF0FF33C0F81C32D0F814023B
:10625400324603685B6A9847002899D04FF400736C
:10626400984662E704F1180200F080FD00288FDBF5
:1062740004D12046FFF7CEFA002889D0A169206A0C
:1062840024E72046FFF7C6FA002881D0A169206AD6
:10629400E1611BE794F833104846C4E9023261F027
:1062A4007F0384F8333003B0BDE8F083484676E7D3
:1062B400D4E9003252E700BF1024002069B170B560
:1062C400054608460C4609F0ABFA2B6802462146FF
:1062D40028465B68BDE87040184770478368C3F37D
:1062E400080383B1002110B40269D1540133B3F51A
:1062F400007FF9D10168D0E903321C681846636A4B
:106304005DF8044B18470120704700BF82680346BC
:10631400006940F2FF1CC2F30802815462455868C8
:1063240001EB7001986800F10100C3E9011001D08C
:1063340001207047D868196810B404684A1C646A5C
:106344001A601A6923465DF8044B184738B5836808
:10635400CAB20D460169C3F3080340F2FF1C0446A8
:10636400CA546345416802EB71024260826802F1DB
:106374000102826005D0290A2046BDE83840FFF7B3
:10638400C5BF0168C0684A1C03685B6A2260226951
:1063940098470028EFD138BDF8B5002306460160C0
:1063A4001D46C0E90133A8B205F0F6FDA842044633
:1063B40007D0C1B23046FFF7A9FF00283BD1002027
:1063C400F8BD6C1CB4F5803F04D12AE00134B4F567
:1063D400803F04D0A0B205F0DFFDA042F6D0671BD9
:1063E400B7F5007F1DD34FF6FF713046FFF7AEFFC0
:1063F4000028E4D0B9B23046FFF7A8FF0028DED069
:106404002546B5F5803FCED13046BDE8F840FFF7CC
:1064140065BFC5F3072130460135FFF777FF002834
:10642400CDD0A542E9B23046EBD2FFF76FFF00288A
:10643400EFD10020F8BDC4F307213046FFF766FF13
:106444000028BCD00135DCE72DE9F04F1F4689B0A8
:106454000B680D4604901446C16002610846DB696E
:106464009847B0F5801F0090C0F0D8800023012227
:10647400009E01335200DBB201D09642F9D81C2BA6
:10648400009640F2B780A3F10B08012248FA02F10A
:10649400C8F347088A4002910792013301225B1036
:1064A4009A40069204229A400392022202FA03F3CB
:1064B4000193009A0021039B2046029E4FF0010A9B
:1064C400D31A4FF400724AF6552BF34003FA06F937
:1064D4000593019E09F0BEF8FF2384F8BFA184F858
:1064E400C0A1B14484F8C431224684F8C5310723DD
:1064F4000021284684F8C231FE23C4F8C66184F81A
:10650400C3312B68C4F8CA915B6AA4F8FEB19847FA
:10651400002863D04FF400720021204609F09AF855
:10652400009B84F86D804FF000086366F421059B9E
:1065340004F17800069AE3652023266423726372CB
:10654400A372EB23A665464623707623C4F84890CD
:106554006370902384F86EA0A3704523E3705823DE
:106564002371462363714123A3715423E3710423EC
:1065740023664FF48073A4F86830092384F86C30E0
:106584008023C4E9142284F86F304FF4C37209F0F5
:1065940061F8A4F8FEB1A8F16A03012B06D9B8F199
:1065A400700F03D014F8083003EB760608F10108E5
:1065B400B8F5007FEFD12B682246DDF80490284619
:1065C4005B6A4946984748B12B68494622462846A3
:1065D4005B6A0C31CDF80490984740BB2FB13B68FF
:1065E4000F22B84938465B6898470026304609B000
:1065F400BDE8F08F1A2B4FF0080800F2A6814FF483
:106604008043CDF8088001934FF4004303934FF483
:10661400807307934FF4005306934AE7002FE4D0A6
:106624003B681522A84938465B689847D7E7424635
:106634000021204609F1010A09F00CF84AF6552315
:1066440009F1090204F2FF19A4F8FE31002393466C
:10665400A04601E018F8013FC14503EB7606F9D1E5
:106664002B682246514628465B6A98470028B5D0D5
:106674002B6822460AF10C0128465B6A98470028D9
:10668400ACD00AF101039B4502D09A462378DFE798
:106694004FF40072002120469B4608F0DBFF0022E5
:1066A4000AF1030A1146234601E013F8011F984535
:1066B40001EB7606F9D12B682246594628465B6AD7
:1066C400984700288AD02B6822460BF10C012846F3
:1066D4005B6A9847002881D00BF101018A456AD191
:1066E400231F04F5FE7243F8046F9A42FBD12B6812
:1066F400224628465B6A984700283FF46FAF2B6810
:106704000BF10D01224628465B6A984700283FF4A6
:1067140065AF2FB13B680C226C4938465B689847DB
:10672400069A0021019B2046002613444FF4007270
:106734009946059B4FEA830808F08CFF23464FF0E7
:10674400FF3208F20728F821B7F1000B4FEA582A64
:1067540003F8011B4FEA9838C4F8012018BF4FF022
:10676400010BDA605A609A60C3F80F2002E0013628
:10677400B24523D0B6FBF8F308FB136343B9BBF16E
:10678400000F05D03B680122514938465B689847A1
:106794002B6809EB0601224628465B6A98470028C5
:1067A4003FF41CAF002EE2D131464FF40072204674
:1067B40008F050FFDBE78B46217874E7002F34D0D4
:1067C4003B680222434938465B689847059E079A0E
:1067D4000736F60806F2FF13B2EB532F4FEA53299C
:1067E400FFF4FDAE4FF400720021204608F032FFA2
:1067F40007232370B9F1000F00F08A804FF00008DE
:1068040008E0B8F1000F01D184F8008008F1010814
:10681400C1457BD9039A28462B6802EB080122461E
:106824005B6A98470028ECD1D8E6059E079A07369C
:10683400F60806F2FF13B2EB532F4FEA5329FFF485
:10684400D4AE4FF400723946204608F003FF072304
:106854002370B9F1000FD1D1039B079A04989918BA
:10686400FFF79AFD00283FF4C0AE029A4FF400737C
:106874009340049A92689A423FF6B7AE4FF00208EA
:10688400029B4FF40072002108FA03F9039B20468F
:10689400994408F0DFFE81220323049909F1FF39AA
:1068A40084F820208222237084F84020C4E90D86D5
:1068B4004A684FF00108636562648B68A36500232E
:1068C400E3650EE034070020D0060020E80600202F
:1068D400F806002010070020079B98453BD208F1DA
:1068E40001082B6809EB0801224628465B6A984791
:1068F400064600283FF472AEB8F1010FECD14FF414
:1069040000720021204608F0A5FEE8E7002FA3D07E
:106914003B681622144938465B689847039B079ADC
:1069240004989918FFF738FD00283FF458AE029AEE
:106934004FF400739340049A92689A423FF64FAE24
:106944000A493846FFF7BAFC98E74FF48072CDF84D
:1069540008800792A1E5002F3FF448AE0449384669
:10696400FFF7ACFC42E600BFFC0600201407002041
:10697400240700202DE9F0410C46154601F11E08BC
:10698400AB89284634F8027F1BB9D5E901239A4222
:106994000ED005F0EDF905F0FFFA0646384605F08D
:1069A400FBFA864209D14445EAD10120BDE8F081D1
:1069B400B7FA87F04009BDE8F0810020BDE8F08116
:1069C4002DE9F04F90F8313083B08846002B4FD03A
:1069D40090F830300746012B53D9013A0B464FF05B
:1069E400020A00248E18DFF8A0B00022514638466F
:1069F4000193FEF7A3FA00283AD00278C12A37D1CE
:106A0400054600F11E09019B35F8020F24B300F579
:106A1400105292B2B2F5806F2AD20BEA8424C0F3EA
:106A24000900204300F580301946324605F016FA75
:106A34000346E8B100244D45E6D10AF1010A97F86E
:106A440030205FFA8AFA5245CFD2A3EB0800984669
:106A5400002388F800300FE000F5205292B2B2F51E
:106A6400006F02D30028DFD1EFE7B2F5806F06D3C1
:106A74000023184688F8003003B0BDE8F08F0446C0
:106A8400D9E70020E4E700BF00FC0F0070B50C4616
:106A940000234FF6FF75226819461E46A381236121
:106AA400626017E005F064F9A84222D005F074FA98
:106AB4002369F203A189013342EA5602060A2361DB
:106AC40052FA80F083B2C0F34E0040EAC33016FAA3
:106AD40080F086B220460029E4D1D4E901239A4209
:106AE400E0D12069A6820138FE288CBF0020012055
:106AF40070BD002070BD00BF2DE9F84F07468A46DF
:106B04009146002942D0A1F10208D7F83034434518
:106B140042D908F007030125C8F3C80B9D40EDB224
:106B240046464446D7F82C140022384601EB14316B
:106B340005F0F6F8E8B10BF1FF3B834400F2FF10D7
:106B44001BF8011F0AE04A452BD0A04510D0D7F806
:106B54003054A54214D913F0FF050CD00134294256
:106B64004FEA4503A4EB0602EDD0A0452646EED13C
:106B74000120BDE8F88F58454FF00105E0D101E050
:106B84000026344601254FF0000BCBE7D0F82084D3
:106B9400D7F830344345BCD84FF000080125C3462C
:106BA400BEE7BAF1000F04D1B9F1010F08BFC7F86D
:106BB4002064B01CBDE8F88F2DE9F8438046881E98
:106BC40015461E468318D8F83024934237D8CEBBD6
:106BD400D8F82034834288BFC8F8200400F00703A3
:106BE4000124D8F82C74C0F3C8099C4007EB103179
:106BF400E4B2012240468F1805F092F8F8B109F189
:106C0400FF3E864400F2FF101EF801CF1CEA040F79
:106C14008CEA040C4FEA440414BF01220022B2425D
:106C24000DD0013D8EF800C018D014F0FF04EDD152
:106C34007045A1464FF00104E6D13946D9E700205A
:106C4400BDE8F883D8F820148B42C7D98142C5D354
:106C5400934228BF0023C8F82034BFE70120BDE8D1
:106C6400F88300BFF8B5D0F8303401338B4201D239
:106C74000020F8BD07460C4600F50476002505E023
:106C8400D7F8303401350133A342F1D3D7F82414B3
:106C94000022304601EBD41105F042F8A40000288C
:106CA400E6D0C4F308040459631CE9D1681CF8BD98
:106CB40038B50C460B6890F845C400F50470D0F85C
:106CC4002812023B656803FA0CF3294003EB5123B5
:106CD400D0F81C12194405F023F818B16368C3F303
:106CE4000803184438BD00BF2DE9F8430C46D0F81A
:106CF400383449680B4011446160134490F84514DA
:106D040001F10902D2B2D3402BB380465D1E00F5D7
:106D1400047905E02368013D03F1010323601AD3DC
:106D2400267A002EF6D1D8F8303432462768484601
:106D340001339F4212D8D8F8241401EBD71104F080
:106D4400EFFFBF0050B1C7F30807C3595A1C09D05D
:106D5400013D2360E4D20120BDE8F8834FF0FF3009
:106D6400BDE8F8833046BDE8F88300BF38B5D0F8F5
:106D7400303401338B4202D24FF0FF3038BD0C4621
:106D8400D0F82414154600F50470002201EBD41148
:106D940004F0C6FF0028EFD0A400C4F3080403598C
:106DA4005A1C02D001202B6038BD002038BD00BF22
:106DB40001291BD938B5D0F830340C4601338B4245
:106DC40001D2002038BDD0F82414154600F5047013
:106DD400012201EBD41104F0A3FF03460028F0D0F4
:106DE400A4000120C4F308041D5138BD00207047DD
:106DF400D0F830340133994201D9002070472DE98D
:106E0400F04F054683B00C4600F504790F464FF069
:106E14000008D5F82414002248464FEAD41B01EB9D
:106E2400D41104F07DFF90B1A300C3F30803C2584A
:106E34000193531C16BF16464FF0000A4FF0010A87
:106E4400012C04D9D5F830240132944203D900200E
:106E540003B0BDE8F08FD5F8241401224846594404
:106E640004F05EFF0028F2D0019B40F80380BAF1E1
:106E7400000F12D00134B44208D00023E21B39467B
:106E84002846FFF799FE0028E1D03746D5F830347C
:106E94000133B342DBD33446BBE7621C5346394665
:106EA4002846D21B03B0BDE8F04FFFF785BE00BFF4
:106EB4002DE9F84300250646D0F82C1400F5047893
:106EC4002C46002240464F1C04F02AFFA8B100F1D2
:106ED400FF3E04F58059D6F8300405E079B908344A
:106EE400844209D24C4516D01EF8011FFF29F5D162
:106EF400083408358442F5D3401BBDE8F8830822E2
:106F0400012319424FEA430C18BF0135013A5FFAD5
:106F14008CF3F6D1E3E73946D3E700BFF8B5002395
:106F24004FF0FF3600F504771546C0F840140446C8
:106F340041601A46C0F81412194680F844340370AC
:106F4400C66080F81032C0F81C62384604F0E8FECF
:106F5400042D0DD8064658B1BDB16B1E00EB0313CA
:106F640093F8BE2112F07F0202D193F8C2310BB91B
:106F74000020F8BD00EB05163846D6F8B651294670
:106F840004F0CEFE06460028F2D005221A49F01C71
:106F940008F0B2FB0028EBD196F86C30092BE7D14E
:106FA400336D01462B44C4F82434736DC4F828347B
:106FB400B36D2B440125C4F82C34F36DC4F830347C
:106FC400336EC4F8343496F86D20C4F82004204697
:106FD40002F1090384F8452405FA03F35A1EC4F8A0
:106FE4003C34C4F838242A46FFF786FD402328465B
:106FF40084F84434F8BD00BF4407002010B50446AB
:10700400D0F83414FFF72EFE94F845340933DBB27C
:10701400984010BD70B590F9023082B00446002B40
:107024000DDBA56805F1280004F04EFE00283BD1D5
:107034006378002043F00103637002B070BD806880
:107044000122A169283004F06BFE0028F0D0A58845
:1070540005F00F056B0100EB4515C35CE52BE7D08C
:1070640023781B0701D5E369EB61236A15491A0CE0
:107074006B830E68AA8266B10DF103020DF106015D
:1070840001A8B047BDF80430BDF806202B836B82FD
:10709400EA82A378A56803F07F0305F12800A370B2
:1070A40004F012FE0028C3D005F50E7004F00CFEA7
:1070B4000028BDD0286803681B6A98470028B7D009
:1070C400BBE700BF10240020024638B552F8105F19
:1070D40004468068294602F021F950B155B123696C
:1070E4000135AB42A37818BF03F0BF0363F07F03FD
:1070F400A37038BDA37843F04003F7E7F8B50478EC
:1071040014F0200404D11A4B054642699A4202D372
:1071140000273846F8BDFFF7D7FF07460028F7D009
:10712400A8682E698279023E416996400E4401792D
:10713400A9B1214606E008F08DFAA868E1B2027907
:107144008A420BD9314405222830013404F0E8FD89
:107154004FF4007200210028EDD1D9E782794FF471
:10716400007369693846934011FA83F36B61F8BD83
:1071740000FE1F0010B5044680680A462830A16945
:1071840004F0CEFD20B1A38803F00F0300EB4310FD
:1071940010BD00BF10B5037804462BB1FFF73AFFCA
:1071A40000232370A37010BD002301202370A3705B
:1071B40010BD00BF38B5037805460C4613B1FFF780
:1071C40029FFF0B1A8680022A969283004F0A8FDBD
:1071D400B8B1AA8802F00F0200EB421352015D68B5
:1071E40080589968DA6820606560A160E260186977
:1071F4005D699969DA69206101206561A161E261D3
:1072040038BD002038BD00BF30B589B00D461446E6
:107214006946FFF7CFFF28B1BDF81020BDF80E3046
:107224002A80238009B030BD30B589B00D4614469C
:107234006946FFF7BFFF28B1BDF81820BDF8163026
:107244002A80238009B030BD0B7813F0700F01D170
:1072540000207047F0B540F6022389B00D4604467D
:1072640001F0F0F838B1012210232046A2702370F7
:10727400FFF744FF10B9002009B0F0BD226923785C
:1072840022626BB1636933B1A378002223F0200337
:10729400C4E90422A3702046FFF7BCFE0028EAD00C
:1072A400A0680122A169283004F03AFD0028E2D048
:1072B400B4F804C010220CF00F0C4FEA4C1300EB8E
:1072C4004C1C8CF80B20C058A768236A97F806E07A
:1072D4009E1EDCF80410DCF80820DCF80C3006FAFA
:1072E4000EF6EE46AEE80F00DCF81000DCF81410E1
:1072F400DCF81820DCF81C30AEE80F007B6907F1DD
:1073040028000122F1184FF02033CDF80130CDF8D8
:107314000530ADF8093004F003FD84460028AAD0F6
:107324002E27EE468DF800707646BEE80F00CCF8A6
:107334000000CCF80410CCF80820CCF80C308DF800
:107344000170BEE80F00CCF81000CCF81410CCF893
:107354001820CCF81C302B6A1A0CADF81A30ADF892
:1073640014200FCECCF82000CCF82410CCF8282020
:10737400CCF82C300FCECCF83000CCF83410CCF84C
:107384003820CCF83C30A46804F1280004F09CFCBC
:1073940000283FF470AF04F50E7004F095FC00284B
:1073A4003FF469AF206803681B6A09B0BDE8F04088
:1073B400184700BF2DE9F041002694B098460378A1
:1073C4000192ADF814600B96002B41D10B780D4659
:1073D40013F0700F3CD01378044616462F2B3BD085
:1073E400002728E0019E3678002E50D001F02AF8BC
:1073F400034602AA294620462BB9B8F1000F27D02C
:10740400FFF722FF20B3A6460DF12C0CBEE80F00B7
:10741400ACE80F00BEE80F00ACE80F00DEF8005047
:1074240020462378CCF800500BB1FFF7F3FD019E02
:107434000BAD2770A770314601AB02AA204601F0BC
:107444004DF9064602AA294600232046002EC9D13A
:10745400002014B0BDE8F0810136019633782F2B5B
:10746400FAD0AD68242200210BA808F0F3F80D959A
:10747400EB79102B03D0202B0FD00C2BE8D1202339
:107484008DF82C3001230BAD8DF82E30A8E702AA1D
:10749400FFF7DAFE14B0BDE8F0814023F0E700BF47
:1074A4002DE9F041002594B09846037801920295A5
:1074B400ADF83850002B37D10B780E4613F0700F0F
:1074C40032D01378044615462F2B31D000271EE006
:1074D400019D2D78002D40D000F0B4FFA6460DF19B
:1074E400080C08B366462578BEE80F00ACE80F0028
:1074F400BEE80F00ACE80F00DEF800302046CCF800
:1075040000300DB1FFF786FD019D2770A770294655
:1075140001AB0BAA204601F0E1F805460BAA31465F
:1075240000232046002DD3D1002014B0BDE8F08103
:107534000135019529782F29FAD0A9B9B5682422F3
:10754400204608F087F8A560EB79102B03D0202B98
:1075540022D00C2BE8D120221FE043460BAA00F0D6
:1075640071FF14B0BDE8F081B6682422002102A89E
:1075740008F070F80496F379102B03D0202B03D075
:107584000C2BD1D1202300E040238DF808300123B7
:1075940002AE8DF80A3099E7402201232270184682
:1075A400A370C2E719B101F58961FFF779BF0846F5
:1075B400704700BFCB6870B50D46044693B9067892
:1075C4000EB1184670BD8D682422314608F042F889
:1075D400A560EB79102B18D0202B10D00C2B14D0D5
:1075E400304670BD2422002108F034F80120102315
:1075F400A0702370D5E90223A260236270BD4022EB
:10760400012322701846A37070BD2022F8E700BF42
:1076140070B505780DB1002070BD0E4604462422D5
:10762400294608F017F8A660F379102B0BD0202B0D
:1076340003D00C2B07D0284670BD402201232270B2
:107644001846A37070BD2022F8E700BF2DE9F04F63
:107654002DED028B837883B00546DF0740F18C80E3
:107664008846017892460E0700F191808C0608D571
:1076740083685A894369C3EB42139BB29A4528BF76
:107684009A46BAF1000F00F0AF806A6905F1100361
:10769400880656464FF0000908EE103AAF68C2F368
:1076A400080B3DD5396A01EB5221BBF1000F51D1D2
:1076B400B6F5007F4ED37A6B91424BD0B6F5806F0E
:1076C400C0F082802878730A800605D43879A0EB4C
:1076D4000900834228BF034691424FEA43240CD851
:1076E400C818824209D207F12800CDE9001304F03A
:1076F400EBFADDE9001300283ED0F86A0268576906
:107704004246B847002837D06A69361BA044224451
:107714006A6169D02978C2F3080BAF688806C1D4BE
:1077240097F8059009EA5229BBF1000F36D1B9F157
:10773400000F33D1002A33D14A064CBF3A6A2A6A71
:107744002A61023AB8797969824049441144BBF10B
:10775400000FADD0CBF50074002207F12800B4422D
:1077640028BF344604F0DCFA30B100EB0B012246AA
:10777400404605F0B1FBC7E76B784FF0FF3043F0AC
:1077840002036B7003B0BDEC028BBDE8F08FC369DC
:1077940042699B1A9A4528BF9A4672E72A69D0E73C
:1077A4000B0705D5AA78540602D52A690132C7E722
:1077B40018EE102A3846296901F0FEFD0028DBDBAB
:1077C4000CD0AF682A69BCE7F86A424603681B69B3
:1077D40098470028D0D04FF4007495E72B7813F025
:1077E400700FC9D0AAEB060A504603B0BDEC028B59
:1077F400BDE8F08F70B582B0012204460DF1070197
:10780400D0E90456FFF722FF01280CBF9DF80700BA
:107814004FF0FF30C4E9045602B070BD436913F45D
:10782400F07F30B5044683B0C3F3431509D0012972
:1078340007D120334361A068383000EB451003B012
:1078440030BD01220DF107012046FFF7FFFE40B2D3
:10785400012803D163691F336361ECE70020EEE77D
:107864002DE9F04103789AB0002613F0180F08961A
:10787400119606D0174683688A6804460D469A42D4
:1078840003D000201AB0BDE8F081FFF7C3FBA64681
:107894000DF1440CBEE80F00ACE80F00BEE80F0089
:1078A400ACE80F00DEF800303246A169CCF80030B5
:1078B400A36803F1280004F033FA0028E1D0A28879
:1078C400EC4694F8008002F00F0200EB421E5201D5
:1078D400DEF804108058DEF80C30DEF80820ACE83E
:1078E4000F00DEF81410DEF81820DEF81C30DEF885
:1078F4001000ACE80F0018F008033A46294640F09F
:107904009B8008A8FFF756FD0028BAD0109EBDF84A
:10791400243000250E990122A3809DF82330A0680D
:10792400E3700B9B2830A161E3608DF820508DF843
:10793400225004F0F5F90028A3D0A38803F00F0324
:1079440000EB4310DDF80D30C0F80D30DDF81130D8
:10795400C0F81130DDF81530C0F81530DDF81930F5
:10796400C0F81930BDF81D30A0F81D309DF81F3047
:10797400C3779DF80B30C372002E3BD0A068B31EB2
:107984002A46817928308B4050F8141C194404F09D
:10799400C7F9054600283FF474AF006A6F46696A68
:1079A400AA6AEB6A0FC7286B696BAA6BEB6B0FC7EC
:1079B4003146A06801F022FD00283FF462AFA068C0
:1079C400236A82792830023B50F8141C9340012228
:1079D400194404F0A5F9064600283FF452AF6D4659
:1079E4000FCD30627162B262F3620FCD30637163A6
:1079F400B263F36300210222082311A819918DF8C0
:107A040046208DF8443000F0D3FE00283FF439AF0F
:107A1400A46804F1280004F057F900283FF431AFBA
:107A240004F50E7004F050F900283FF42AAF2068E2
:107A340003681B6A984725E740F601236046FFF771
:107A44002FFD00287FF463AF1BE700BF0378DA063D
:107A540001D400207047436930B5044683B033B184
:107A64008378002223F02003C0E9042283700023DA
:107A74000FE06361A3686A0138339A5C03EB451332
:107A8400EAB1E52A04D02E2A02D0DB7A1B0722D5DC
:107A9400636913F4F07FC3F3431503F12003E8D1C2
:107AA40001220DF107012046FFF7D0FD40B2012865
:107AB40003D163691F336361DCE763785BB9A3783F
:107AC4000822204643F002032270A37003B0BDE8ED
:107AD400304000F06DBE002003B030BD2DE9F04110
:107AE400037804460769002B39D00D464169A94241
:107AF40042D0002D37D018072AD5E269AA422ED3E6
:107B0400D4F808C06E1EA2789CF8060012F0400F4C
:107B140000F10900C0B226FA00F630D14A1EC24074
:107B240009B196422FD25B064CBFDCF82030236AA1
:107B3400236104F1100806E02169013EA06801F008
:107B44003BFC00280BDD4246002EF5D1A2780CE068
:107B54009A06D5D5A3685B89B5EB431FF6D90020F7
:107B64002761BDE8F0818278056122F020020120BE
:107B74006561A270BDE8F0810120BDE8F081236A4F
:107B840033442361F1E7B61AD3E700BF2DE9F0418E
:107B94000E46154600212422044698469DF8187086
:107BA40007F058FDB068336A00F13802A58005F08B
:107BB4000F0502EB4512C4E90203D17A0B0711D475
:107BC40001F017012170D37A13F0180F02D141F09C
:107BD4000801217008F00303E770012B38D0022B51
:107BE40006D0F3B1002318462370A370BDE8F081DA
:107BF40003232178CD06F5D4CE07F3D408F0080189
:107C040018F4806F43EA0103A370416B958AA16164
:107C1400518B41EA054112D019BB63F07F03A37075
:107C240010E018F4806FDDD108F0080343F001037D
:107C3400A370416B938AA161518B41EA0341216294
:107C4400D369E36118F4804F04D10120BDE8F081C9
:107C54000223CEE7E1692046FFF740FF0028F4D174
:107C6400C0E701F0CBFB0028BCD0A378D5E700BF68
:107C74000378002B45D12DE9F0470B7884B00C46EE
:107C840013F0700F30D04B6913F01F052CD106464A
:107C94009046A94601220DF10F012046C3F3431A71
:107CA4005F09FFF7D3FC40B24FEA4A1201281BD107
:107CB4006369A1681F3301F1380C63611CF8022069
:107CC4000CEB4A1C82B12E2A12D0A2F1E500B0FAC4
:107CD40080F0400960B99CF80B1011F0080E12D026
:107CE4000F2907D00546D5E7002004B0BDE8F0878A
:107CF4000025CFE75106CDD502F01F059CF80D9065
:107D0400C8E70020704785B10CF10A0101E01CF8B6
:107D1400012F4FEACE13614543EA5E0352FA83F31F
:107D24005FFA83FEF3D1CE45DED14346BAB2214693
:107D340030460095FFF72AFFD7E700BF03780BB161
:107D4400FFF768B9012070472DE9F0470E46017826
:107D540082B009079DF828709DF82C909DF830A0FA
:107D64009DF8348018D5A2F2BC7294B27F2C13D83B
:107D74005A1E01930B2A0FD87A1E1E2A0CD8BAF168
:107D84003B0F98BFB9F1170F06D8B8F13B0F03D8D2
:107D94000546FFF73FF918B9002002B0BDE8F087A7
:107DA400A8680122A969283003F0BAFF0028F3D09B
:107DB400019B4FEA5802A98847EA4313F70701F0E9
:107DC4000F0142EA4A1243EA442300EB41109BB2FA
:107DD40042EAC92248BF4382B40792B208D518F0D8
:107DE40001080382C28118BF4FF0640880F80D8037
:107DF400710701D50383C282AC6804F1280003F043
:107E040063FF0028C8D004F50E7003F05DFF00285E
:107E1400C2D0206803681B6A02B0BDE8F047184767
:107E240083789B0727D5036A10B5044682B0ABB1AB
:107E3400016911BB019301621946A06801F0DEFAE1
:107E4400B0B1A378616963F07F032278E161A37024
:107E540022B12046FFF7DEF802B010BD012002B0C7
:107E640010BD6FF070422169A06801F0B7FA68B9DB
:107E7400002002B010BD00207047002301AA8068D2
:107E8400019301F099FA0028F2DBEAD1019B002B5F
:107E9400D7D0D1E72DE9F047837805469C0777D5FD
:107EA40088461907914600F1B5806B6913EB090206
:107EB4006ED2B9F1000F40D04F464FF0000AA868C7
:107EC400C3F308062969447914EA53243FD1002EE8
:107ED4003DD100296ED0AA78520676D5EA699A4235
:107EE40073D9013129610239827943699140194476
:107EF400B7F5007F53D3B7F5806F70D303797A0A4F
:107F04001B1B934228BF1346426B8A424FEA432409
:107F140007D35E18B24204D24FF0FF3280F828A093
:107F24004263C06A42460668B66AB04780B36B696A
:107F34003F1BA04423446B61C1D1EA699A4276D2C3
:107F4400AA784846EB6162F07F03AB7025E0827942
:107F540002394369914019442144002EC8D0C6F522
:107F640000740122BC4228BF3C46283003F0D8FEEE
:107F740070B1304426442246414604F0ADFFB6F5C4
:107F8400007FA868D3D1283003F09EFE0028CED10C
:107F94006B78002043F001036B70BDE8F087C6F5F1
:107FA40000746A69EB69BC4228BF3C469A4205D317
:107FB4000522DAE7296A21B3296194E7AB7813F043
:107FC400200F14BF05220122CFE705F1100201F0B2
:107FD400F3F90028DCDB24D0A868296983E7436B24
:107FE4008B4204D14FF0FF3380F828A04363C06A6A
:107FF400424603685B6A98470028C9D04FF400746E
:1080040095E72846FFF760F80028C1D02969A868D9
:10801400296268E7C169FFF761FD00287FF445AF75
:10802400B6E72846FFF750F80028D5D1B0E7054B4E
:108034001B682BB1AB78484663F07F03AB70ACE7A9
:108044004846AAE7102400202DE9F04F84468DB05D
:108054001446156898460646894603AF01934FF0C7
:10806400000EBCE80F000FC7BCE80F000FC7DCF818
:10807400003065603B604346A4F80CE0002B3FD021
:108084004FF0010AA9EB0A0103A889B24901FFF7DD
:1080940025FD50B3002103A8FFF7C0FB074620B31A
:1080A40000250DE003F064FE8046584603F074FF9B
:1080B4008346404603F070FF834516D10D2D18D03A
:1080C400EAB239463046013500F0E4FEA38983461E
:1080D4002046002BE6D1D4E901329342E2D1BBFA27
:1080E4008BF040090DB0BDE8F08F00200DB0BDE865
:1080F400F08F0AF1010A019B5FFA8AFA5345C1D253
:108104000120EFE72DE9F04F07468DB016469A4659
:108114000DF10C0C02F1150402F1200501914FF050
:1081240000090FCFACE80F000FCFACE80F003B689D
:10813400CCF800304FEAC91314F8012F43EA59036D
:10814400A54252FA83F35FFA83F9F3D133684FF00F
:1081540000087360A6F80C80BAF1000F4ED0012716
:10816400019B03A8D91B89B24901FFF7B7FC00287A
:1081740055D0002103A8FFF751FB00284FD0059AE2
:10818400574500F1010B4FF0010492F828304FF0ED
:10819400000543F0010382F828304FF00F030CBFB1
:1081A40047F040023A46C3724FF000030270037373
:1081B4004FF0000380F80D90438306E0ABF8000015
:1081C400013401350BF1020BE4B2B08918B9D6E9D8
:1081D40001239A4216D0304603F0CAFD042DEBB2B7
:1081E400ECD90A2B02D8ABF80300E9E70D2CABF865
:1081F4000500E5D10137FFB2BA45B1D201200DB077
:10820400BDE8F08FB8F1000F06D008F101084FF671
:10821400FF705FFA88F8E1E74FF00108DEE700201D
:108224000DB0BDE8F08F00BF02464FF0203152F888
:10823400163B2DE9F043C0F8161086468468516059
:10824400C2F807101A782E2A14BF0120002003D187
:1082540013F8012F2E2AFBD0611E99420BD90A462E
:1082640002E09342114606D01146013A91F800C04B
:10827400BCF12E0FF5D19C424FF0000540F28680F0
:1082840007260827A946A84606E001330A264FF028
:10829400080910279C425BD91A782E2A08BF9942F4
:1082A400F3D0222A0DD07C2A0BD0A2F15B0CBCF1B6
:1082B400020F06D9A2F12A0CBCF1050F21D82D2AF0
:1082C4001FD002F0C002802A5DD04E452FD29942C1
:1082D4002CBF002001200A2E08BF40F00100002816
:1082E40047D09EF81630202B40D09EF81430012041
:1082F4007E21312273448EF815009975DA75BDE834
:10830400F083A2F13A0CBCF1050FDAD9A2F1210CE9
:10831400BCF15D0FD5D84E45D9D3A2F1610CBCF1A7
:10832400190F28D8203A3D43D2B2EDB201E0002023
:108334005F2209F1010CF144013389F816205FFA38
:108344008CF2062A914698BF8EF814209C42A3D83A
:108354009EF81630202B09D00028C6D018EA050F45
:1083640018BF02258EF81550BDE8F0830020BDE843
:10837400F0830B468EE7A2F1410CBCF1190F98BFB4
:1083840047EA0808D5E70133002083E7A846DFE77A
:108394002DE9F84F4FF0620900250F460446DFF837
:1083A400A0B04FF07E0A91F8148001F11606B8F1DE
:1083B400030FDBF8003028BF4FF003082B449DB2B5
:1083C40008F10403DBB205F00F02581E2D09092A37
:1083D40002F1370198BF02F13001FA18C3B2917566
:1083E4009845F0D107EB08030021204683F816A036
:1083F400FFF774FB01212046FFF710FA03460B2216
:1084040030469BB193F800C01946BCF1000F13D05D
:10841400DB7A1B07EED407F0EDF80028EAD109F166
:10842400FF3919F0FF09C2D1484603E06078B0FA79
:1084340080F04009BDE8F88F0120BDE8F88F00BF47
:10844400482C00202DE9F04F2DED028B8BB0CDE9A7
:1084540002038B6807930B7813F0700F53D0029BC1
:108464001B78002B4FD1136990469A4A0E460C3361
:10847400A2FB0323C3F3870298F8153098070492EC
:1084840000F0A780571CFFB20023304619461C4653
:108494000693FFF723FB08F11603A346A146A24661
:1084A40008EE103A0594756900213046FFF7B6F9D5
:1084B400C5F34F15034620B30278E52A29D042B309
:1084C400BC4238BF00242E2A2BD090F80BC0BCF13C
:1084D4000F0F54D01CF0080C23D1B9F1000F40F059
:1084E400D5800B2218EE101A07F084F80028DAD190
:1084F40098F8153013F0010300F0E480012305938C
:10850400D1E7737883B100200BB0BDEC028BBDE8DA
:10851400F08F002C08BFAA46BC4201D20134E4B259
:1085240012B14FF00009BEE7039B9A05EBD503F0A7
:108534000303013B012BE6D8002C08BFAA46BC422A
:1085440003D348E0DCB2A74245D000213046FFF710
:1085540065F9631C0028F5D17378002BD3D1A742A9
:1085640039D9079D05E02B7904EB0314E4B2A74243
:1085740031D93046FEF7C2FD0028F4D1C3E7B9F182
:10858400000F19D102F01F0B049959458BD112F039
:10859400400988D0437B89460693BBF1010F82D101
:1085A400691C4B464246304689B2FFF74DFD002810
:1085B40008BF4FF0000976E70BF1FF3B5FFA8BFB36
:1085C4005A45AED1437B069A9342E6D04FF0000958
:1085D40069E7012758E7059B2BB141463046FFF771
:1085E400D7FE00288FD0013F42463046FBB20AEB4B
:1085F40003051F46ADB22946FFF784FD002882D04B
:1086040069013046FFF76AFA00283FF47CAF002185
:108614003046FFF703F9044600283FF474AF2022E4
:10862400002107F017F8D8F81620D8F81A3022607D
:10863400636098F82030B8F81E20A372228198F85D
:10864400153003F018032373234B1B68002B3BD016
:108654000DF123020DF1260109A89847BDF8243035
:108664002382BDF82630E3819DF823306373079A93
:1086740092F8283043F0010382F82830039B2A46FD
:10868400314602980097FFF781FA3DE7BBF1010FED
:108694007FF439AF0A3001E013F8012F4FEACC110F
:1086A400984241EA5C0152FA81F25FFA82FCF3D10A
:1086B400069B63457FF427AF4F46039B19053FF59F
:1086C40022AFDBE71F46F8E745F621232382238305
:1086D4006382CCE74FECC44E102400202DE9F04116
:1086E4001F460B7882B00C46202B154603D114F894
:1086F400013F202BFBD02C60237863B32F2B2AD08F
:108704004FF00008294E211D204601AA03F0F8FB72
:10871400044670B1019BB3F5803F40D27F2B08F132
:10872400010831D83C2BD9B229D8212905D81F29D1
:1087340009D8002002B0BDE8F0812239C9B226FA76
:1087440001F1CA07F5D42E2B01D0202B1CD123789C
:108754000BB12F2BD7D12B69013BFE2BE9D8237802
:10876400202B03D114F8013F202BFBD02F2BF9D061
:1087740028463C6002B0BDE8F041FFF755BD5C29D6
:10878400D7D005D97C29D4D0C5F81080AC60DEE7F9
:108794003E390129F8D8002002B0BDE8F08108F183
:1087A4000208AC60C5F81080D1E700BF01210005C4
:1087B400F0B500238BB0019383789A0724D5016A1E
:1087C400054619B1806800F019FEE8B10121284678
:1087D400FEF7D0FCC0B1421E00F10A0C0024E301F4
:1087E40012F8011F43EA5403944551FA83F3DCB2AF
:1087F400F5D1E52600230670AF682B7007F1280039
:10880400AB7003F061FA10B900200BB0F0BD07F5AE
:108814000E7003F059FA0028F6D0386803681B6A12
:1088240098470028F0D0EB78002BEED0294601A819
:10883400FEF7C0FE0028E7D0EB78002BE4D0012738
:1088440021E001A8FEF7EAFF7B1CF9B20028DBD087
:10885400C27A0F2AD8D102785FFA83FC9FB202F061
:108864001F038B42D0D1437BA342CDD10670A968AC
:1088740091F8283043F0010381F8283053060DD4D1
:10888400EB786345C0D3A98801A8C91B89B2490103
:10889400FFF724F900210028D3D1B5E7AC6804F12F
:1088A400280003F011FA0028AED004F50E7003F08E
:1088B4000BFA0028A8D0206803681B6A9847A4E72D
:1088C4002DE9F843DDF82090A2B105460C46984600
:1088D400571801E0BC420DD02B68204649465E6A19
:1088E400C0472146024628460134B0470028F1D14A
:1088F400BDE8F8830120BDE8F88300BF486810B5DF
:108904000C4630B10B894A8901339BB29A420B81E0
:1089140001D9206810BD0368012203495B689847A8
:1089240000232068238110BDF80600202DE9F04FB4
:10893400054687B08846924600214FF40072406A8B
:1089440006F088FE286A28B103680C223A495B685D
:108954009847286A6B6A4FF00009EE690AF1FF3202
:10896400DFF8E0C0E968ADF814904C1CCDE90330A1
:108974004FEA5A13ADF816303368DF6A674526D1DB
:108984006AB301EB0A07DFF8C0A00AE02146039AA4
:1089940030460134D84700283FD0A7421ED0336860
:1089A4000498D3F824B00028F0D0BDF81430BDF8F2
:1089B400162001339BB29A42ADF81430E6D803680E
:1089C400514601225B689847ADF81490DEE703AB8B
:1089D400214630460093194BB847F0B1286A20B1BC
:1089E4000368022216495B689847B8F1100F4FF0EC
:1089F400F8016A6A4FF001030CBF04200C201170C7
:108A0400FF216A6AD15401339842FAD1E8696A6A4B
:108A14000368E9685B6A984718B9002007B0BDE8A5
:108A2400F08FD5E90231E86919446A6A03685B6A20
:108A3400984707B0BDE8F08FE8060020DD66000027
:108A440010070020A1660000F806002038B5436A2C
:108A54004FF40075044600212A46184606F0FAFD34
:108A64004FF02031EB22A0F80B50C0F8031003465E
:108A7400C0F8071090210270762099700222587075
:108A840094F82B1059734AF65521208D1A74F82244
:108A9400D8815A752269DA61A269A3F8FE111A62B3
:108AA40038BD00BF70B504464FF400720021406A1F
:108AB40006F0D0FD656A2269216805F2BF1003F053
:108AC4007DF9A369226905F2C31021681A44013AA9
:108AD40003F074F994F82A204AF6552385F8C22144
:108AE4002269E069C5F8C621626AA169A5F8FE3168
:108AF4000368C5F8CA1100215B6ABDE870401847D5
:108B040070B546694FF4807390F82BE00446A6F5DF
:108B14008072456A4360B2FBFEF202F2011C4FEA26
:108B24001C214FEA410C81600CF1A10098420ED93E
:108B34008033F21AB2FBFEF202F20111090A4FEA83
:108B4400410C0CF1A1008342F2D3C4E901311B1A98
:108B5400A2F6F57103F18000B1F5704F20614FD298
:108B64000CF1210C8133204602FB0EC2E360B2F506
:108B7400803FA26134BF0423062384F82A300123F2
:108B84002385FFF78FFF08B9002070BD2046FFF74B
:108B94005DFF2922A1684FF0203385F82620462264
:108BA400C5F82F30802085F836205422C5F82B30A4
:108BB400C5F83230312385F838203622E982412144
:108BC40085F8393085F837104FF4007185F82400A2
:108BD40085F83A200F4BE069C5F827300368A5F8FB
:108BE4001110626A21695B6A98470028CCD06268D8
:108BF4002046E3681021D21ABDE87040FFF796BE04
:108C0400206A0028C0D00368132203495B68984790
:108C1400002070BD87D61200BC060020F8B5466956
:108C24004FF4005390F82BC04FF48042A6F58041D6
:108C3400036142F2090E0446456A4260B1FBFCF14D
:108C440001F18103DB0983600EEB4300904240F2A3
:108C5400B68002F50052B11AB1FBFCF101F18103B7
:108C6400DB090EEB43005F008242F2D3C4E9012327
:108C74004FF6F473994240F2978001FB0C2CA2F555
:108C840000522046D21B92B202F5005322854D4A6F
:108C9400E360ACF50053944594BF4FF00B0C4FF0D8
:108CA4000C0CA36184F82AC0FFF7FCFE08B900206D
:108CB400F8BD2046FFF7CAFEA16829224FF02033F1
:108CC4008020696285F8422054214622C5F84B3041
:108CD40085F840004120C5F84730C5F84E300223DE
:108CE40085F85220332285F85410322185F8552016
:108CF40085F8530085F85610EB62E069324B334A2D
:108D04002B630368C5F843205B6A626A216998474C
:108D14000028CCD0E069216903680631626A5B6A85
:108D240098470028C3D04FF400720021606A06F00F
:108D340091FCE069264A0368C5F8FC2121695B6A55
:108D44000231626A98470028B1D0E069216903685A
:108D54000831626A5B6A98470028A8D04FF0FF3355
:108D6400E0691C4AC5E97A331B4B2A60C5F8E43133
:108D740003682169626A5B6A01319847002896D0CA
:108D8400E06921690368626A07315B6A98470028D1
:108D94008DD0A268204694F82B30202103EB4202A8
:108DA400BDE8F840FFF7C2BD206A00283FF47FAF5A
:108DB4000368132209495B6898470020F8BD5F00E7
:108DC40056E700BF0004FB000100060087D612002E
:108DD400000055AA5252614172724161BC060020E2
:108DE40038B504460D68C16108466262EA692362C7
:108DF400904700F2FF736061DB0A062B236024D9DD
:108E0400102B13D80223B0F5800F84F82B302046A2
:108E14002ED2FFF775FE0546206A05B320B103681C
:108E24000D2219495B689847284638BD202B23D961
:108E3400402B23D9802B23D9B3F5806F22D9B3F5E6
:108E4400004F8CBF80234023DDE7206A20B10368F4
:108E540014220E495B6898470025284638BD00282F
:108E6400FAD003680F220A495B689847284638BD40
:108E7400FFF7D4FE0546CFE70423C4E70823C2E77F
:108E84001023C0E72023BEE79C06002084060020B0
:108E9400AC060020042A04D801EB4202B2F8010017
:108EA40070470A2A03D801EB4202908870470C2AC3
:108EB40003D801EB4201C88870470020704700BF07
:108EC400F8B504780E467CB114F06004174607D058
:108ED400012A09D92F22002301200A704B70F8BD02
:108EE4002146FEF747F918B9002318463370F8BD38
:108EF4000346A446082111E0027B114203D00EF17F
:108F0400200E5FFA8EFE651CBD42EDD20CF1010C01
:108F140006F804E0ECB2BCF10C0F10D0BCF1080F61
:108F240011D013F801EBAEF14102192AE4D9BEF1D4
:108F3400200FE8D10CF1010CBCF10C0FEED1002391
:108F440020463355F8BD1A78202AF8D010214FF066
:108F54002E0ED8E72DE9F04F00248BB00378894614
:108F64000194002B55D0C3780646002B58D00146F7
:108F740001A89046FEF71EFB00284AD0F07800288E
:108F840043D008F1FF38CB464FF0010AC844B188FA
:108F940001A8A1EB0A0189B24901FEF79FFDC0B304
:108FA400002101A8FEF73AFC98B3C37A0F2B30D105
:108FB40003785FFA8AF103F01F038B4229D1471C1F
:108FC4000025042DEBB23FD83B8874BB03F5205138
:108FD40089B2B1F5006F3ED3A3B118465946424653
:108FE40002F03CFF8346A0B10024013502370D2D69
:108FF400E7D10AF1010AF1785FFA8AF31FFA8AFAD3
:109004009942C4D2ABEB0900D946002389F8003059
:1090140003E00023184689F800300BB0BDE8F08F58
:10902400FFF74EFF0BB0BDE8F08F03F5105189B286
:10903400B1F5806FEDD20A4AC3F3090302EA842032
:10904400184300F58030C9E70A2B94BFB7F8033002
:10905400B7F80530B9E7B1F5806FDAD21C46C4E73A
:1090640000FC0F00FFF776BF2DE9F843DDE9088720
:10907400C3B181460C4615465E1802E0C047B442AF
:1090840010D0D9F8003021462A4648461B69984733
:1090940003463A46204629460134002BEED11846B1
:1090A400BDE8F88301231846BDE8F88310B41468BA
:1090B400B4F5807FA44628BF4FF4807C01EB4C00BC
:1090C400814207D231F8023B13B95368013353602C
:1090D4008842F7D8A4EB0C0414605DF8044B704785
:1090E40010B41468802CA44628BF4FF0800C01EB08
:1090F4008C00814207D251F8043B13B95368013301
:1091040053608842F7D8A4EB0C0414605DF8044B58
:10911400704700BF2DE9F843C37904460D4617464E
:10912400202B59D0102B30D00C2B51D1027AC1F303
:109134004E01836900F50E7911FA85F1A2F102025C
:1091440048468EB2B2FA82F2C1F34621520901EBCB
:1091540003085200414602F0E3FD002838D0C6F36C
:109164000806731C865DB3F5007F23D0184403788A
:10917400EA07E26946EA03234CBF1B09C3F30B0366
:109184009A4240D20020BDE8F883027AC1F3072155
:10919400836900F50E70A2F102021944B2FA82F258
:1091A4005209520002F0BCFD90B16D0005F4FF7548
:1091B400435B25E0227A08F101014846A2F102024C
:1091C400B2FA82F25209520002F0AAFD0028CED16E
:1091D4004FF0FF30BDE8F883027A816900F50E7024
:1091E400A2F1020201EBD511B2FA82F25209520045
:1091F40002F096FD0028EBD0AD0005F4FE7543594E
:10920400E2699A42BED301203B60BDE8F88300BF07
:109214002DE9F843C37905460C461646202B48D061
:10922400102B2DD00C2B41D1C1F34E01836900F5D5
:109234000E7911FA84F11FFA81F8C1F34621CF188F
:10924400037A4846022B394614BF0122032202F056
:1092540067FD58B314F00104C8F308033FD0C25C9F
:1092640002F00F0242EA0612C2540133B3F5007F42
:109274003AD0C6F30712034401201A70BDE8F883FC
:10928400027AC1F30721836900F50E70022A19449A
:1092940014BF0122032202F043FD034630B16400EF
:1092A400012004F4FF741E53BDE8F8830020BDE8D8
:1092B400F883037A816900F50E70022B01EBD41157
:1092C40014BF0122032202F02BFD03460028EDD037
:1092D400A400012004F4FE741E51BDE8F883C654B2
:1092E4000133B3F5007F15D12B7A791C4846022B44
:1092F40014BF0122032202F013FD03460028D5D037
:10930400C6F30712002CB7D1197821F00F0141EAF6
:109314001212B1E7C6F307120344F5E72DE9F04151
:10932400C46882B005460E468C42904640D301275D
:109334000134EB6901AA2846A34205D29FBBEC681D
:1093440001273C44A3422ED3A64218BF012C214638
:1093540029D9FFF7DFFE002825DBE9D0019B002B8C
:10936400E6D107B1EC60EB69A3421CD36FF0704205
:1093740021462846FFF74CFF0746A0B13EB96B6A69
:10938400002B01DB013B6B62C8F800400CE0012EAE
:1093940009D0EB699E4206D8314622462846FFF79B
:1093A40037FF0028EBD10027384602B0BDE8F08132
:1093B4000C460027BCE700BF01290CD910B4C469CE
:1093C4008C4203D35DF8044BFFF7A4BE4FF0FF308B
:1093D4005DF8044B70474FF0FF30704701290BD9FB
:1093E40010B4C4698C4203D35DF8044BFFF710BF7B
:1093F40000205DF8044B70470020704770B50546A7
:1094040082B00C461DE0EB699C421FD8FFF782FE38
:10941400064621460022002E284617DBEB699C42B3
:1094240014D8FFF7F5FE621E80B16B6A002B03F1BE
:109434000103A8BF6B62EB68A342019C88BFEA608A
:109444002EB1012C214601AA2846DCD8002002B006
:1094540070BD00BF2DE9F0470646406A84B000287D
:109464001BDAF2790C2A1BD1F7697B1C022B40F220
:10947400CD8002240025214602AA3046FFF74AFE89
:10948400002804F1010306DB57D1A7421C465CD037
:10949400F2699342EFD94FF0FF3004B0BDE8F08792
:1094A400F169002096F8383201313469DB07CDE9DF
:1094B400021000F1858000214FF0FF33202A06F5C9
:1094C400127786F83812C6F8443242D0D6F80080B3
:1094D4004F4BD8F80020D6F818A095699D4278D152
:1094E400002C00F082800AEB0409136951463A46C5
:1094F400404698470028CED00299B1F5807F8E4629
:1095040028BF4FF4807E07EB4E0CBC450BD9039D5E
:109514003B46002233F8024B0CB9013502469C4508
:10952400F8D802B103950AF1010AA1EB0E01D14565
:1095340002915AD0D8F80020D7E7029A002AA4D181
:10954400A74205F101051C46A2D1284604B0BDE896
:10955400F087D6F800A02E4BDAF80020D6F8189041
:1095640095699D4246D1002C3FD009EB040813694C
:1095740049463A465046984700288CD0DDF808C042
:10958400BCF1800FE64628BF4FF0800E07EB8E0239
:10959400BA420BD9039D3B46002153F8044B0CB946
:1095A400013501469A42F8D801B1039509F1010940
:1095B400ACEB0E03C845029317D0DAF80020D6E7C7
:1095C40006F50E7002F080FB00283FF464AFF279D8
:1095D40071E7234602AC3A465146019440460D4C8D
:1095E4000094A84700283FF456AF0398706204B073
:1095F400BDE8F087234602AC3A46494601945046FA
:10960400054C0094A8470028EFD144E7002044E724
:10961400496E00008D6E0000C16E000070B500231D
:109624000446154601204FF0FF3204F1280621605C
:10963400E371E060E162C4F83C1284F8283084F8F5
:1096440038326263C4F84422CDB1042D01D900201C
:1096540070BD1A461946304602F062FB6FF0704343
:1096640000F5DF722B441D0102EB03130028EED03A
:1096740019790029EBD0525D5206E8D19D68002289
:109684002946304602F04CFB0028E0D0B0F80B30FD
:10969400B3F5007FDBD1037C5A1E2372012AD6D88E
:1096A400417B4B1E0129217163714FF00003A371AB
:1096B40044D0012252000133D2B2DBB2914204D031
:1096C400082BF7D10020A37170BD1E46A371C18A77
:1096D400216109B9416A2161C289B0F811302A4473
:1096E40063815B01A26190F810C003F2FF1301FBD8
:1096F4000C2202EB53232262B0F81320636102B9F7
:10970400026AED1AAB18F3405A1CE2614FF0FF32C3
:10971400626240F6F47293420CD94FF6F4729342AB
:109724000AD9C26A202322620120E3712163C4F8AA
:10973400401270BD0C23F7E71023F5E71E46C6E779
:10974400F8B500268F6B0D460446C0E90E669FB13E
:109754000146242000F0DCF8068086708446AD6B58
:10976400A0630FCDACE80F000FCDACE80F002B6861
:10977400CCF800302046F8BDCB6B002BFAD0014664
:10978400382000F0C5F880F8317047860246EB6B4C
:10979400E06303F130071E68103353F80C5C103299
:1097A40053F8080C53F8041CBB4242F8106C42F8FE
:1097B4000C5C42F8080C42F8041CECD11B682046EF
:1097C4001360F8BD10B50446806B10B1FDF7E2FCE0
:1097D40030B9E06B10B1FBF7CFFB20B9002010BD0E
:1097E4000023A36310BD0023E36310BD002952D0FE
:1097F4002DE9F0410446806B0D4617461E4610B114
:10980400FDF7C8FCA0BBE06B10B1FBF7B5FBB8BB20
:10981400D5F88084B8F1000F11D02146242000F03F
:1098240077F8334600263A4606808670A063D5F85A
:109834008014FDF7B7FE58BBA063BDE8F081D5F8EE
:10984400843493B12146382000F062F8334680F81E
:1098540031803A46A0F83280E063D5F88414FBF7EF
:10986400BFFFA8B9E063BDE8F0810020BDE8F08146
:109874000023D5F88084A363B8F1000FCDD1DEE7CF
:109884000023D5F88084E363B8F1000FC5D1D6E78F
:109894000120BDE8F0810020704700BFF8B5044600
:1098A400806B0D46174610B1FDF774FC38BBE06BB6
:1098B40010B1FBF761FB38BBAE6B76B121462420B7
:1098C40000F026F800213A4601808170A063A96B5C
:1098D400FEF7CEF988B9A063F8BDE86B0028FBD089
:1098E4002146382000F014F83A4680F83160468664
:1098F400E063E96BFBF77CFF20B10120F8BD002396
:10990400A363D9E7E063F8BD0023E363D4E700BFB2
:10991400084670472DE9F041002604469846C0F8F1
:109924008814C0F8806401464FF490601746FFF72E
:10993400EFFF424680F84464054680F87964A0F855
:109944007A64C4F88404D4F88814FDF7E7FAA0BB59
:109954000026214640F26C40C4F88464FFF7D8FF27
:109964000223C6714246A0F84864054680F84A645A
:109974000372C4F88004D4F88814FFF74FFE38B992
:1099840000231A4A18461360C4F88034BDE8F081F5
:1099940005F589663046FDF7FDFB29463046FDF79F
:1099A40037FE0028ECD0124B1A68AAB91D600F4B81
:1099B400AFB101201C60BDE8F08105F58966304631
:1099C400FBF7DAFA29463046FBF704FB0028BFD040
:1099D400084B1A68002AE9D0044B002FE9D11A6811
:1099E400002AE6D00120BDE8F08100BFBC2500209C
:1099F400C02500209024002070B500254FF47A760D
:109A04000446456005738660C0E91255034D40F86D
:109A1400105BFFF7EBFE204670BD00BF0C09002071
:109A24004FF0FF30704700BF407C7047007D7047A7
:109A3400407D704701207047007F70472DE9F04753
:109A44001E46C37C05460C46022B9146089F28D02F
:109A54002B68214628461B6E984798B1AC61B9F132
:109A6400000F12D004EB090801E0A0450DD03946DF
:109A74002046B0472B6801462846DB6D01349847E1
:109A84000028F2D10020BDE8F087AB69287F4B4461
:109A9400AB610028F7D12B6828465B6EBDE8F04720
:109AA400184783698B42D3D1D9E700BF704700BF01
:109AB400043002F0B5B800BF10B50446202103F00D
:109AC400A7FA204610BD00BF2DE9F0411F46C37C14
:109AD40005460E46022B144624D02B6831462846F0
:109AE4001B6E984778B1AE6187B1002601E0B7429A
:109AF4000CD02A68214628460136D26D04F500743C
:109B040090470028F3D10020BDE8F081AB69287F9D
:109B14003B44AB610028F7D12B6828465B6EBDE857
:109B2400F041184783698B42D7D1DDE72DE9F04135
:109B3400204E074600F10408356805F51675ADB2E8
:109B440003E03368EB1A1B0410D4404602F06CF8AF
:109B5400FF280446F5D1FD21404602F083F8BB7C82
:109B6400CBB900230120FB74BDE8F0811E23B87C2F
:109B74007B740028F8D0387C012102F009F8FF2119
:109B8400404602F06FF8404602F022F800231846DF
:109B9400BB74BDE8F0810121387C01F0F9FF214656
:109BA400404602F05FF8404602F012F80023BB740E
:109BB400D7E700BF482C00202DE9F041C37C012BDE
:109BC40035D0867C04464EB1043002F02DF8B0F155
:109BD400FF0518BF01252846BDE8F081071D4FF099
:109BE4000108384601F0D6FF3146207C01F0D0FF51
:109BF400FF21384602F036F8384684F8128002F025
:109C040013F8A37CB0F1FF0518BF0125002BE2D0A7
:109C14004146207C01F0BCFFFF21384602F022F8C7
:109C2400384601F0D5FF2846A674BDE8F08100252A
:109C34002846BDE8F08100BF2DE9F843204F0446D3
:109C4400884691463D68061D05F59675ADB203E05C
:109C54003B68EB1A1B040DD4304601F0E5FFFF28E6
:109C64002075F5D0FE281AD01823A07C637430B96F
:109C7400BDE8F8831D23A07C63740028F8D0207C01
:109C8400012101F085FFFF21304601F0EBFF304652
:109C940001F09EFF00231846A374BDE8F8834A46EA
:109CA4004146304601F0CCFF207538B9304601F00A
:109CB400BBFF304601F0B8FF0120D9E72523D4E7E4
:109CC400482C0020F0B5002783B00C2104463A4606
:109CD400C77400F05BF8B0B9A67C1EB90126304603
:109CE40003B0F0BD05460121207C01F051FF201D89
:109CF400FF21019001F0B6FF019801F069FF3046A1
:109D0400A57403B0F0BD0923A67C6374002EE6D0CD
:109D1400251D207C01213E4601F03AFFFF21284603
:109D240001F0A0FF284601F053FF3046A77403B0AA
:109D3400F0BD00BFC27C022A03D0012A04D0012056
:109D4400704703685B6E1847FFF7BCBF38B50368FC
:109D54000D460D4904461A6A8A420CD1C27C022A75
:109D640004D0012A0BD00120257738BD5B6E9847BB
:109D74000028F8D138BD90470028FBD0F3E7FFF75F
:109D8400A1FF0028F6D0EEE7157B00002DE9F04195
:109D9400036882B00F463549019206461A6A8A4220
:109DA4005ED1C27C022A41D0012A5BD0B47C002C53
:109DB40047D0351D0C2F11D0DFF8B480D8F80040FF
:109DC40004F59674A4B204E0D8F80030E31A1A0437
:109DD40034D4284601F028FFFF28F5D10DF10408FA
:109DE40002AC47F04001284601F03CFF14F8011D85
:109DF400284601F037FFA045F8D1002F28464FF040
:109E04000A040CBF9521872101F02CFF284601F09C
:109E14000BFF2846013C01F007FF0306A4B230758E
:109E240001D5002CF5D102B0BDE8F0815B6E9847F6
:109E34000028BBD1FF2002B0BDE8F081002FCDD0B7
:109E4400F8E7351D284601F0A5FE2146307C01F0D7
:109E54009FFEFF21284601F005FF0123B374A9E703
:109E64009047E5E7FFF72EFFE2E700BF157B000010
:109E7400482C00202DE9F04788B005464FF0000833
:109E8400174601AC2E1D85F8128085F8118085F8DF
:109E9400158084E80E009DF80400287401F074FE17
:109EA4000121287C01F074FE6C490723C5E90213E3
:109EB40094E8070005AB83E8070030460ECB01F0B9
:109EC40073FEAC7C85F81380002C67D00A24012132
:109ED400287C01F05DFEFF21304601F0C3FE611EC7
:109EE40011F0FF04F7D121460A24287C01F050FE2A
:109EF400002228461146FFF749FF012804F1FF33E9
:109F040004460AD013F0FF04F2D10123A87C6B7439
:109F1400002851D108B0BDE8F0874FF4D57208216C
:109F24002846FFF733FF420757D56C752B68DFF8D7
:109F340030A19B6D534561D1687DA0F10204DFF827
:109F44002491B4FA84F4D9F80030640903F5FA686A
:109F5400A4071FFA88F805E0D9F80030A8EB03033A
:109F64001B0449D4372100222846FFF70FFF22465D
:109F740029212846FFF70AFF0028EDD12B689B6DA5
:109F8400534565D1687D022849D0AB7CCBBB072300
:109F94000120C5E9027308B0BDE8F087304601F03E
:109FA400F9FD2146287C01F0F3FDFF21304601F044
:109FB40059FE0123AB7489E7287C012101F0E8FDF7
:109FC400FF21304601F04EFE304601F001FE002331
:109FD4001846AB7408B0BDE8F087022304246B75FF
:109FE400304601F021FE631E287513F0FF04F7D1FB
:109FF400AA289BD0062389E7172387E72846984792
:10A004009BE70121287C01F0C3FDFF21304601F0CC
:10A0140029FE304601F0DCFD0023AB74B7E70022D3
:10A024003A212846FFF7B2FEA8B9304601F0FCFDFC
:10A0340000F0C000C02801D103236B75304601F045
:10A04400F3FD304601F0F0FD304601F0EDFD9CE7F4
:10A054002846984797E7122358E700BF801A06005E
:10A0640011780000482C0020F8B500220D463A2152
:10A074000646FFF78BFEE0B9371D2C1D384601F06C
:10A08400D3FD04F8010DA542F8D1B47C14B9012420
:10A094002046F8BD307C012101F07AFDFF213846CD
:10A0A40001F0E0FD384601F093FD00232046B3742F
:10A0B400F8BD1223B47C7374002CE9D0341D307CB9
:10A0C400012101F065FDFF21204601F0CBFD204672
:10A0D40001F07EFD00231C46B3742046F8BD00BF8A
:10A0E40070B5164682B000220446FFF74FFEB0B1A9
:10A0F4001B236374A07C08B902B070BD251D207CAD
:10A10400012101F045FDFF21284601F0ABFD284661
:10A1140001F05EFD00231846A37402B070BD05462D
:10A12400102231462046FFF787FD0028E2D0A67CA6
:10A13400002EE1D0207C012101F02AFD201DFF2109
:10A14400019001F08FFD019801F042FD3046A574A5
:10A1540002B070BD0368254ADB6C934200B585B03C
:10A164000FD16A460921FFF7BBFF38B19DF80030D3
:10A1740013F0C00308D0402B27D0002005B05DF8B1
:10A1840004FB69469847F0E79DF809309DF80A20DA
:10A1940003F003039DF806109DF807005B0001F02F
:10A1A400030180009DF808C043EAD2139DF80520FE
:10A1B40040EA812002F00F0240EA9C10134401306F
:10A1C400073B984005B05DF804FB9DF809009DF835
:10A1D400073001309DF8082003F03F0300EB0340F3
:10A1E40000EB0220800205B05DF804FBF182000060
:10A1F40003680A4630B59B6D83B0164D0446AB42E6
:10A2040024D1407D03284FF01201204618BF52028A
:10A21400FFF7BCFD20B901231846E37403B030BD39
:10A224000C23A07C63740028F8D0251D207C012118
:10A2340001F0AEFCFF21284601F014FD284601F090
:10A24400C7FC00231846A37403B030BD019198479E
:10A25400019AD7E711780000F8B51446C27C064687
:10A264000D46012A1F4602D183698B4205D0294637
:10A274003046FFF7BDFF80B1B56187B1002501E02D
:10A28400AF420CD021464FF400723046013504F53C
:10A294000074FFF7D1FC0028F2D10020F8BDB369A7
:10A2A400307F3B44B3610028F8D13046BDE8F84024
:10A2B400FFF708BD2DE9F84F9B46C37C06460C46C4
:10A2C400012B1546DDF82890DDF82C8002D1836936
:10A2D4008B4205D021463046FFF78AFFB0B1B46106
:10A2E400BBF1000F15D004EB0B0A02E0C847A245EE
:10A2F4000FD04FF4007229463046FFF79DFC074605
:10A304004246204629460134002FEFD10020BDE803
:10A31400F88FB369307F5B44B3610028F7D13046CE
:10A32400BDE8F84FFFF7CEBC03682DE9F0415F6943
:10A33400164B9F421FD1C37C04460D461646012B83
:10A3440002D18369994205D029462046FFF750FF80
:10A3540070B1A5614FF4007231462046FFF76CFCE2
:10A3640030B1A369207F0133A36148B1BDE8F08116
:10A374000020BDE8F081BC460123BDE8F041604700
:10A384002046BDE8F041FFF79DBC00BF39800000C6
:10A3940003680A4630B59B6D83B0164D0446AB4244
:10A3A40024D1407D03284FF01901204618BF5202E2
:10A3B400FFF7ECFC20B902230120E37403B030BDA5
:10A3C4000E23A07C63740028F8D0251D207C012175
:10A3D40001F0DEFBFF21284601F044FC284601F091
:10A3E400F7FB00231846A37403B030BD01919847CE
:10A3F400019AD7E71178000003682DE9F043DB6C7C
:10A404001746414A85B004460E46934245D16A46F2
:10A414000921FFF765FE0546B5B19DF80A305A06D5
:10A4240018D5637D032B01D076027F0232462021AA
:10A434002046FFF7ABFC28B93A4621212046FFF716
:10A44400A5FC70B326236374A57C9DB9284605B08A
:10A45400BDE8F08303F03F039DF80B205B0043EA63
:10A46400D2137A1C32431342DBD02723A57C6374B6
:10A47400002DEBD0251D207C012101F089FBFF215B
:10A48400284601F0EFFB284601F0A2FB00231D46FD
:10A49400A374284605B0BDE8F0836946984705468D
:10A4A400BAE7024626212046FFF770FC0028C9D1EE
:10A4B400DFF8588042F2107704F10409D8F800302C
:10A4C4001F44BFB204E0D8F80030FB1A1B0417D4B1
:10A4D400484601F0A9FBFF280646F4D1A37C002BD3
:10A4E400B4D00121207C1D4601F052FB3146484680
:10A4F40001F0B8FB484601F06BFB0023A374A5E709
:10A5040028236374A0E700BFF1820000482C0020D8
:10A5140070B5002282B00E4609210446FFF736FCCE
:10A52400B0B11B236374A07C08B902B070BD251DB3
:10A53400207C012101F02CFBFF21284601F092FB35
:10A54400284601F045FB00231846A37402B070BDF1
:10A554000546102231462046FFF76EFB0028E2D064
:10A56400A67C002EE1D0207C012101F011FB201DEE
:10A57400FF21019001F076FB019801F029FB3046A0
:10A58400A57402B070BD00BF70B5002282B00E4643
:10A594000A210446FFF7FAFBB0B11B236374A07CC5
:10A5A40008B902B070BD251D207C012101F0F0FA2C
:10A5B400FF21284601F056FB284601F009FB002341
:10A5C4001846A37402B070BD0546102231462046D9
:10A5D400FFF732FB0028E2D0A67C002EE1D0207CDD
:10A5E400012101F0D5FA201DFF21019001F03AFB71
:10A5F400019801F0EDFA3046A57402B070BD00BFB9
:10A6040070B5051D16460446284601F02BFB4FF491
:10A6140000723146284601F02FFBFF21284601F045
:10A6240021FBFF21284601F01DFB284601F0FCFA1E
:10A6340000F01F032075052B04D02023A07C637435
:10A6440010B970BD012070BD207C012101F0A0FA79
:10A65400FF21284601F006FB284601F0B9FA002341
:10A664001846A37470BD00BF2DE9F041174D06468E
:10A674000F4600F104082C6804F51674A4B203E034
:10A684002B68E31A1B040CD4404601F0CDFAFF28D2
:10A69400F6D13A46FC213046FFF7B2FF18B1BDE8C7
:10A6A400F08124237374B07C0028F8D0307C01211D
:10A6B40001F06EFAFF21404601F0D4FA404601F061
:10A6C40087FA00231846B374BDE8F081482C0020B3
:10A6D400036870B59B6D1646224A82B004460D4647
:10A6E40093423CD1407D03284FF01801204618BF07
:10A6F4006D022A46FFF74AFB0546B0B10D23637489
:10A70400A07C08B902B070BD251D207C012101F098
:10A714003FFAFF21284601F0A5FA284601F058FA2D
:10A7240000231846A37402B070BD3246FE212046B1
:10A73400FFF766FF0028E3D0A67C002EE2D0207C41
:10A74400012101F025FA201DFF21019001F08AFA70
:10A75400019801F03DFA3046A57402B070BD9847E7
:10A76400C1E700BF1178000010B4047F34B104685D
:10A774000123A46AA4465DF8044B60475DF8044BCA
:10A78400FFF7A6BF10B584B004460DF1040C8CE8A5
:10A794000E009CE80E00FFF76DFB20B19DF805301C
:10A7A40003F00103237704B010BD00BF00207047FD
:10A7B4000020704700207047704700BF084B0021FD
:10A7C400084A094810B499631C6B146012685DF858
:10A7D400044B1A639A6C22F081029A6401707047E8
:10A7E40000002C400C240020C02C0020034B586A8D
:10A7F40080F08070C0F30060704700BF00002C4000
:10A80400014B1878704700BFC02C00202B4A2C4BFA
:10A81400526AD3F800312B49C2F3C22203F03F033A
:10A82400013270B5284C4FF47A75A4FB034305FB41
:10A8340000F09B08B1FBF3FEBEFBF2FEB0EB1E1F63
:10A8440035D201231E465B001A01BEFBF2F282429E
:10A8540001D9FF2BF6D9BEFBF3F2360290422AD27D
:10A864004FEA430C012200E0A446154603EB0C0416
:10A874000132BEFBFCF1814217D9102AF4D1F02534
:10A884004FF47A731149124A03FB0CFCBEFBFCF330
:10A894000B60104BD16A0B402B43334343F46023CA
:10A8A400D362536A1B07FCD570BD2D01E8E77246DD
:10A8B40000260123D2E79C460025E1E700C00F40B3
:10A8C40000800D4000EC695EABAAAAAAD423002044
:10A8D40000002C400F00F0FF014B1878704700BFB8
:10A8E400FA160020014B1868704700BF0C240020A2
:10A8F40010B4074C8C460FCCCCF800000120CCF8E7
:10A904000410CCF80820CCF80C305DF8044B7047E8
:10A91400E023002010B4074C8C460FCCCCF8000088
:10A924000120CCF80410CCF80820CCF80C305DF8E9
:10A93400044B7047F0230020024B01201B680B607E
:10A94400704700BF00240020704700BF10B50446C4
:10A954000C2102F05DFB204610BD00BF044B1B78A8
:10A9640023B1044B18780230C0B2704701207047FD
:10A97400BD2C0020BE2C0020184B1A7812F0C00207
:10A984000FD0402A01D000207047587ADA79197A1A
:10A99400013002F03F0300EB034000EB0120800292
:10A9A40070475A7A9979D87902F0030293F808C06B
:10A9B40001F003018000520040EA812000B593F8C1
:10A9C4000AE040EA9C105B7942EADE12013003F0AF
:10A9D4000F031344073B98405DF804FBF023002069
:10A9E400404A0520404938B5D2F800413F4B44F075
:10A9F40080043F4DC2F80041D2F8004124F03F04E6
:10AA0400C2F80041D2F8004144F01804C2F80041F1
:10AA1400D2F8004124F08004C2F80041D3F8802029
:10AA240042F00C02C3F880205A6A22F460525A623F
:10AA3400DA6942F48032DA615A6A42F400625A6294
:10AA4400C1F8CC01C1F8D001C1F8BC01C1F8C00102
:10AA5400C1F8C401C1F8C801AA6C264B42F00042F7
:10AA6400AA64EA6A1343EB62EC6A14F08074FBD1C3
:10AA74004FF4C870FFF7CAFE1B4B47F2B80241F20D
:10AA8400B801C3F8CC411C48C3F8D041C3F8BC4159
:10AA9400C3F8C041C3F8C441C3F8C841C3F8BC23D8
:10AAA400C3F8C023C3F8AC23C3F8B013C3F8B4236A
:10AAB4001249C3F8B823124B6863C1F8F8314FF058
:10AAC400E0234FF480420F49602081F86E00C3F800
:10AAD4000C21EB6A064A43F00063EB62D36A1B0164
:10AAE400FCD438BD00800D4000801F4000C00F40E2
:10AAF40000002C40008000010B007F110018002092
:10AB04009D85000000E400E02DE9F04102F03EF9EB
:10AB1400174E184D0746DFF8748004E002F036F94A
:10AB2400C01B40451BD8346B2C40F7D0124A00217F
:10AB3400124B1170326B1A601968114A31631B6829
:10AB4400134209D00F491F240F4B40F27A220020F0
:10AB54000C701A60BDE8F0810120BDE8F081064A5E
:10AB6400064B1470326B1A601B683363EAE700BF4C
:10AB740000002C4002007F11BF2C00200C24002078
:10AB840000007F11FA160020D823002040420F0055
:10AB94002DE9F843264C0F462378002B38D1254B5A
:10ABA4005A6AD2052BD5234DDFF89480AB6A43F45F
:10ABB4008033AB6202F0EAF8064604E002F0E6F8FD
:10ABC400801B40452AD86B6A13F48069F6D007F1DC
:10ABD4003C0C184807F50F77436A5B05FCD5ACF1CC
:10ABE400400353F8042F9C450262FAD10CF1400C47
:10ABF400BC45F1D1012318462370BDE8F8839A6A55
:10AC040022F480329A629A6A42F400329A62CAE763
:10AC1400FFF77AFF0028C2D1BDE8F8830649212452
:10AC2400064B4FF47E7248460C701A60BDE8F883F8
:10AC3400BF2C002000002C40FA160020D82300204E
:10AC440040420F002DE9F041074688461F4C02F0B0
:10AC54009DF81F4E054604E002F098F8431BB342EA
:10AC640024D8636AD907F7D4BB02C4F8088020D477
:10AC740027F0FF03154C174EE36002F087F8144FDA
:10AC8400054604E002F082F8401BB8420ED8236B5C
:10AC94003342F7D0226B104B1A601A6822631A6889
:10ACA400D20703D51B6813F4702F0BD00020BDE826
:10ACB400F081A26CFBB222F0FF02A264A26C1343E7
:10ACC400A364D5E70120BDE8F08100BF00002C405B
:10ACD40040420F0001000F000C240020154B30B53A
:10ACE4000D4685B01968FFF7ADFF08B3124B05F1A7
:10ACF4000F041A6900925969019199690291DB69FB
:10AD04000393002301E05EF8102C03F0030C0133DD
:10AD14004FEACC0C23F0030E0F2B22FA0CF20EF1A7
:10AD2400100104F8012D0DEB010EECD10023EB739F
:10AD340005B030BD0424002000002C4010B5037A77
:10AD4400DB0705D5154B1B68B3B1BDE810401847A8
:10AD5400134B1B783BB9134B5C6A84F08074C4F3C7
:10AD64000064204610BD0F4B0F4C1B6B1C40B4FA03
:10AD740084F46409204610BD0C4B1C78002CF0D0E0
:10AD84000B4B0C481968FFF75DFF0028E9D0054B11
:10AD94001C6984F48074C4F30024E2E708240020CE
:10ADA400BF2C002000002C4002007F11BC2C00208E
:10ADB4000424002000001A0D08B5044B0448196847
:10ADC400FFF740FF08B1034B186908BD04240020B5
:10ADD40000001A0D00002C4008B5074B07481968FD
:10ADE400FFF730FF30B1064B186980F48070C0F370
:10ADF400002008BD012008BD0424002000001A0D15
:10AE040000002C402DE9F047294B8946DFF8C0A00B
:10AE1400284ECAF8003001F0B9FF274D0446DFF888
:10AE2400B480264F06E001F0B1FF001BB84229D8D8
:10AE340003F0B6FE31682846FFF704FF0028F2D07D
:10AE4400D8F81030DB05EED500234FF40072CAF8B1
:10AE54000030D8F8283023F48033C8F82830184B51
:10AE6400C8F804201B78CBB149461648FFF7EAFE20
:10AE740030B915490E24154B40F257420C701A6034
:10AE8400BDE8F087104A0A210020104B117040F2EF
:10AE94004B42CAF800001A60BDE8F0874FEA49291E
:10AEA40008484946FFF7CEFE0028E9D1E1E700BF94
:10AEB400B98B00000424002000001A0D40420F004A
:10AEC400BE2C002020003A19FA160020D8230020B6
:10AED4000824002000002C402DE9F041254C0021DD
:10AEE4002548A36A23F48033A362FFF7ABFE05462B
:10AEF40048B922490920224B40F23D2208701A60C9
:10AF04002846BDE8F0811F4BDFF88080C8F8003088
:10AF140001F03CFF636A0646D80118D41A4F04E0D6
:10AF240003F03EFE636AD90111D401F02FFF831BA5
:10AF3400BB42F5D9114A0A210025114B11704FF477
:10AF440010722846C8F800501A60BDE8F08100224B
:10AF5400084BC8F800205A6A9207D1D5586B9A6AF0
:10AF6400D96A22F4803241F08061D96258639A62CE
:10AF7400C6E700BF00002C400000DB0CFA160020DE
:10AF8400D8230020CD85000040420F000824002073
:10AF94002DE9F04782468946364E01F0F7FE364DDC
:10AFA4000446DFF80081354F04E001F0EFFE031B97
:10AFB400BB4227D831682846FFF744FE0028F4D066
:10AFC400D8F81030DA05F0D501232D4D2D4F514618
:10AFD4002B7000232C483B602C4BC8F80090C8F819
:10AFE40004302B4BC8F83830FFF72CFE0446A0B9C8
:10AFF40028490420284B40F29F12087020461A600A
:10B00400BDE8F08723490A20234B4FF4CC72002477
:10B0140008701A602046BDE8F087204BDFF888905E
:10B02400C9F8003001F0B2FE2B780646BBB1DFF858
:10B034004C8003E003F0B4FD2B7883B101F0A6FE4D
:10B04400831B4345F6D90023C9F800301149252054
:10B05400114B4FF4D172002408701A60DAE73B6890
:10B0640000229B07C9F80020F0D53A680C4B1A421D
:10B07400D0D0EBE70424002000001A0D40420F005A
:10B08400C02C00200C24002011003A0640000100CE
:10B0940002007F11FA160020D8230020E185000069
:10B0A40000007F1100002C40082400202DE9F0410D
:10B0B400324D1446AB7A13F0400012D103F03F0333
:10B0C400EA7A5B0043EAD213621C0A43134208D0B3
:10B0D4002B4927242B4B40F202320C701A60BDE836
:10B0E400F081294B1B780BB9490264022748FFF70A
:10B0F400A9FD40B922490F24224B40F20A320C70B8
:10B104001A60BDE8F08121462148FFF79BFD40B954
:10B114001B4910241B4B40F20D320C701A60BDE821
:10B12400F08100211B48FFF78DFD38B91449112423
:10B13400144B4FF444720C701A60E2E701F026FEDF
:10B14400154E164D0446DFF85C80154F31682846CD
:10B15400FFF778FD18B1D8F81030DB05D1D401F031
:10B1640015FE001BB842F1D905492824054B40F2CD
:10B17400133200200C701A60C3E700BFF0230020D4
:10B18400FA160020D8230020BE2C002000001A202C
:10B1940000001A2100001B260424002000001A0DC0
:10B1A40040420F0000002C402DE9F04F12F0030440
:10B1B40083B018BF012401900093002B08BF44F012
:10B1C40001045CB140492520404B40F2F5120024B3
:10B1D40008701A60204603B0BDE8F08F3C4B15465A
:10B1E4003C4A0E46DFF80C91136001F0CFFDDFF806
:10B1F40008810746DFF804B1DFF8F0A006E001F0AB
:10B20400C5FDC01B504544D803F0CAFCD9F8001052
:10B214004046FFF717FD0028F1D0DBF81030DA05BF
:10B22400EDD5009A2C4B2B4903EA024300222B4F05
:10B234000A6043F400730121DFF8C4803970C8F850
:10B244000020CBF80050CBF80430254BCBF8383035
:10B25400244B1B7843B331460198FFF7F3FC814636
:10B264000028B7D0204B1B4A136001F08FFD3B78B8
:10B274000546DBB11D4E03E003F092FC3B78ABB115
:10B2840001F084FD401BB042F6D90023114A13603B
:10B29400A0E70D4B0A2200210E481A704FF4FC72ED
:10B2A4000A4B01601A6095E77602D4E70023094A45
:10B2B4001360D8F800309B078CD5D8F800200C4BCD
:10B2C4001A4208BF4C4685E7FA160020D82300200E
:10B2D400B98B0000082400200000FF1FC02C0020B0
:10B2E40002007F11BE2C0020E185000040420F00C7
:10B2F40000007F110424002000001A0D00002C40DF
:10B304000C240020F8B50646007A0C461546C00702
:10B314001F4613D483B10F4401E0BC420CD0336800
:10B324002A46214630461B69013405F500759847C5
:10B334000028F2D10020F8BD0120F8BD900712D0FA
:10B34400002BF9D00F4401E0BC42F5D033682A4603
:10B35400214630461B69013405F5007598470028DD
:10B36400F2D10020E7E70648FFF71EFF0028E3D1EB
:10B3740004490C24044B40F2A1320C701A60F8BD4D
:10B3840037003A12FA160020D8230020F8B50646F2
:10B39400007A0C461546C0071F4613D483B10F44E8
:10B3A40001E0BC420CD033682A46214630465B6A31
:10B3B400013405F5007598470028F2D10020F8BD46
:10B3C4000120F8BD900712D0002BF9D00F4401E002
:10B3D400BC42F5D033682A46214630465B6A0134C4
:10B3E40005F5007598470028F2D10020E7E70648E4
:10B3F400FFF7DAFE0028E3D104490E24044B40F29F
:10B404003D420C701A60F8BD27003A19FA16002064
:10B41400D82300202DE9F04F0025DFF8C0929B4C83
:10B4240091B0DFF8BC829A4E0172457289F80050DF
:10B43400257088F800503570FFF7D2FA294628465F
:10B44400FFF700FC50B90121924B40F28E220546D1
:10B4540021701A60284611B0BDE8F08F03258E4F85
:10B464004FF4D5713846FFF7EDFB00284ED1013D6E
:10B47400F6D13378002B3DD0DFF868B201F086FCBA
:10B48400864E0546DFF860A2854F00213046FFF75F
:10B49400D9FB50B9002517217E4B4FF42A72284658
:10B4A40021701A6011B0BDE8F08F59465046FFF77D
:10B4B400C9FB0028EED001F069FC401B794BB8426F
:10B4C400E8D81A69002AE0DA1969774A11601B6919
:10B4D4005A0002D5012388F8003000217348FFF791
:10B4E400B1FB054610BB02216A4B40F2B122217028
:10B4F4001A60AFE7FFF774FA29462846FFF7A2FB64
:10B504003378002BB8D14FF4401BB7E7654B1B6968
:10B51400B3F5D57F07D006215E4B4FF42572002585
:10B5240021701A6096E701233370A5E70021604873
:10B53400FFF788FB054630B90321564B4FF42D72B3
:10B5440021701A6086E7574E5A4B32695A4F13409E
:10B554005A495B483B60FFF7C1FB054630B90721F8
:10B564004C4B40F2B92221701A6073E75549564892
:10B57400FFF7B4FB054630B90821464B4FF42F7250
:10B5840021701A6066E739685048FFF75BFB05468F
:10B5940030B905213F4B40F2BF2221701A6059E7B0
:10B5A40039683E48FFF74EFB38B91421394B40F255
:10B5B400C322002521701A604CE702214448FFF79A
:10B5C40041FB05460028F0D0B36A69466FF07F401E
:10B5D40023F00603B362B36A43F00203B3624FF08D
:10B5E40010137364FFF7D4FC9DF80D309B0743D50B
:10B5F400002841D0274E6946364894F800803768C1
:10B60400FFF7C6FC9DF8103003F00F03012B36D171
:10B61400A8B34CF25030304C0523C4F8CC31C4F8F4
:10B62400D031C4F8BC31C4F8C031C4F8C431C4F852
:10B63400C831FFF7EBF8002347F2B802C4F8CC3165
:10B64400C4F8D031C4F8BC31C4F8C031C4F8C43132
:10B65400C4F8C83141F2B803C4F8BC23C4F8C02309
:10B66400C4F8AC23C4F8B0330123C4F8B423C4F839
:10B67400B82389F80030EDE646F2A810CBE746F28D
:10B68400A81084F800803760C5E700BFFA160020D0
:10B69400BD2C0020D823002000001A0800001A370F
:10B6A40040420F0000002C4000240020000009024A
:10B6B40000001A030000FFFF04240020F0230020F0
:10B6C40000000909E02300200000090A00001B070C
:10B6D40000001A06F1FFFF8000801F40BC2C0020F0
:10B6E400BE2C00200000304000000229374B5A6A6B
:10B6F40092052DE9F0410F460DD49A6A22F4803266
:10B704009A6272B69A6A42F400329A629A6A42F46F
:10B7140080329A6262B601F039FB2C4EDFF8C480A5
:10B72400054604E001F032FB431B434537D8746AF5
:10B7340014F40064F6D007F13C0C244807F50F77A5
:10B74400436A1B05FCD5ACF14003026A43F8042F9D
:10B754009C45FAD10CF1400C6745F1D101F016FB80
:10B764001A4F1B4D0646DFF87C8004E001F00EFB07
:10B77400831B43451DD83C6B2C40F7D03B6B154ACB
:10B78400136013683B63136813F002031BD0126841
:10B79400114B1A420CBF01200020BDE8F0810F4973
:10B7A4001A250F4B40F2563220460D701A60BDE840
:10B7B400F0810A491D250A4B40F2613220460D7082
:10B7C4001A60BDE8F0811846BDE8F08100002C4005
:10B7D40002007F110C24002000007F11FA160020C3
:10B7E400D823002040420F002DE9F047294B894619
:10B7F400DFF8C0A0284ECAF8003001F0C7FA274D80
:10B804000446DFF8B480264F06E001F0BFFA001BBF
:10B81400B84229D803F0C4F931682846FFF712FA70
:10B824000028F2D0D8F81030DB05EED500234FF411
:10B834000072CAF80030D8F8283043F48033C8F8CE
:10B844002830184BC8F804201B78CBB14946164859
:10B85400FFF7F8F930B915490C24154B40F2BD3205
:10B864000C701A60BDE8F087104A0A210020104BC2
:10B87400117040F2B132CAF800001A60BDE8F087D6
:10B884004FEA492908484946FFF7DCF90028E9D17D
:10B89400E1E700BFB98B00000424002000001A0D6A
:10B8A40040420F00BE2C002030003A12FA1600204D
:10B8B400D82300200824002000002C402DE9F0416A
:10B8C40000221D4C0D4642721146A36A1B4823F404
:10B8D4008033A362FFF7B6F940B919490924194B1B
:10B8E40040F2D3320C701A60BDE8F081002DFBD019
:10B8F400154B164E336001F049FA636A0746DA01C4
:10B9040016D4DFF84C8004E003F04AF9636ADB01E3
:10B914000ED401F03BFAC01B4045F5D9084A0A2170
:10B924000020084B117040F2D73230601A60DBE718
:10B93400002328463360D7E700002C400000DB0CCE
:10B94400FA160020D8230020CD850000082400200A
:10B9540040420F000A4B1B7810B504461BB9637AAA
:10B9640043B9012010BDFFF7CFF80028FAD0637A5D
:10B97400002BF6D020460121BDE81040FFF79EBF02
:10B98400BF2C00202DE9F0410446007AADF5007D7E
:10B99400164610F0010513D093073CD00123384814
:10B9A4006A46FFF701FC00283AD04FF4007269465A
:10B9B400304601F091FA28460DF5007DBDE8F0818E
:10B9C400DFF8CC800F4698F80030002B35D1637A2D
:10B9D400012B39D022682B49126A8A424AD198F83D
:10B9E4000020002A34D1002B39D139462046FFF7F4
:10B9F400FBFEE8B101236760637231462046FFF71E
:10BA040075FEA8B1636805460133284663600DF5E9
:10BA1400007DBDE8F08101231948FFF7C5FB38B963
:10BA240019490B20194B4FF45D72002508701A60F8
:10BA340028460DF5007DBDE8F081FFF765F8002884
:10BA4400F6D0637A012BC5D16268BA42C2D1D4E779
:10BA5400FFF75AF80028EBD0637A002BC5D00121F8
:10BA64002046FFF72BFF0028BFD128460DF5007DA7
:10BA7400BDE8F081204690470028F6D0B5E700BF26
:10BA840011003A1135970000FA160020D82300203F
:10BA9400BF2C00202DE9F041047AADF5007D0F465E
:10BAA400904614F001041DD012F0030F06D068462E
:10BAB40011464FF40072804601F00EFA012342460B
:10BAC40039462C48FFF770FB044630B92A490D204B
:10BAD4002A4B40F2114208701A6020460DF5007D91
:10BAE400BDE8F081264D06462B782BBB737A022BDA
:10BAF40029D032682349126A8A4236D12A7832BB65
:10BB0400002B2BD13368394630461B6E98470028EA
:10BB1400E3D0022377607372336841463046DB6DAD
:10BB240098470028D9D073680446013320467360CF
:10BB34000DF5007DBDE8F081FEF7E6FF0028CCD0CE
:10BB4400737A022BD5D17268BA42D2D1E4E7FEF7F8
:10BB5400DBFF0028C1D0737A002BD3D001213046FB
:10BB6400FFF7ACFE0028B8D0CCE730469047002859
:10BB7400B3D0C7E701003A18FA160020D8230020F2
:10BB8400BF2C002035970000012101F065B900BFEA
:10BB940001F026B908B5034653F8040B93E80600F0
:10BBA400F6F758FF08BD00BF84B00DF1100C0CE986
:10BBB4000E00024623B11846136004B0F8F78ABD9C
:10BBC400024B1846136004B0F8F784BD001200203D
:10BBD4000268D37C13B3D80704D5906A4FF0E021F0
:10BBE400C1F80001990704D5D06A4FF0E021C1F8EB
:10BBF4000401580704D5106B4FF0E021C1F8080187
:10BC0400190704D5506B4FF0E021C1F80C01DB0695
:10BC140004D5926B4FF0E023C3F81021704700BFA6
:10BC24000068F8F775BE00BF0268FF231268536608
:10BC3400D36D13F4F81FFBD0506FC0B2704700BF30
:10BC440030B50C4683B00546FF212046019203F02F
:10BC540001FD2868019B22462146F8F755FE002085
:10BC640003B030BD03681A685166D36D13F4F81F2E
:10BC7400FBD0536F704700BF531EB3F5007F30B540
:10BC84001446ADF5017D054611D36AB10368481E1B
:10BC94001968821810F8013F4B66CB6D13F4F81F36
:10BCA400FBD090424B6FF5D10DF5017D30BD684658
:10BCB40001F012F96A46234628681146F8F724FE73
:10BCC4000DF5017D30BD00BF30B5037883B0DC07CE
:10BCD4001DD50446406804F110020368E16801922E
:10BCE4005B6A9847019A0546A8B12378990708D555
:10BCF4006068D4E90231194403685B6A984750B11B
:10BD0400237823F001032846237003B030BD0125B6
:10BD1400284603B030BD0025284603B030BD00BF1F
:10BD2400F8B543680BB3C36804460F4615468B4207
:10BD340006D110F8103B05F003052B432370F8BD22
:10BD4400FFF7C2FF88B16B0705D504F11006304632
:10BD54000023E760EFE7606804F1100639460368E2
:10BD640032461B6998470028F1D10020F8BD00BF76
:10BD740010B50446808982B018B10023A38102B0B3
:10BD840010BDD4E901318B42F9D201AA184600F062
:10BD9400B7F880B1019B6060B3F5803F01D298B2DF
:10BDA400EDE7980AC3F30903A0F52150A3F5105356
:10BDB40080B2A381E3E74FF6FF70E0E7B1F5807F3F
:10BDC40021D810292ED840234FF0200CB2FBF3F1D8
:10BDD400B1F5806F20D203FB112300B5B2FBFCFE4A
:10BDE400B3FBFCF30CFB1E224FEA910CDBB20132D5
:10BDF4002CF03F0CC9B2037042EA0C028170D2B23B
:10BE040042705DF804FB3F239C46802910D9B1F5AC
:10BE1400FC7F0FD81B01D9E7FF21FE23417003707B
:10BE240081707047202916D880234FF0200CCDE76D
:10BE3400DB00CBE7B1F57C7F04D9B1F5FC6F03D807
:10BE44009B01C3E75B01C1E7B1F57C6F94BFDB01E4
:10BE5400C3EB0323BAE720239C46D6E77F28A2EB53
:10BE6400010205D812B10A4602F8010B10467047C8
:10BE7400B0F5006F0FD2012A40D94FEA901C00F0B0
:10BE84003F030A466CF03F0063F07F0302F8020BA5
:10BE940010464B707047B0F5803F16D2022A2DD958
:10BEA400C0F3851C00F03F03CA1C63F07F0300B598
:10BEB4004FEA103E6CF07F008B706EF01F0E4870DE
:10BEC400104681F800E05DF804FB032A16D94FEA16
:10BED400904CC0F30532C0F3851300F03F0062F0CC
:10BEE4007F026CF00F0C63F07F0360F07F004A70F8
:10BEF4000A1DC87081F800C08B70B7E70022B5E74F
:10BF040088423DD2034610B490F900001C78002802
:10BF14002DDA04F0E000C02834D004F0F000E0286A
:10BF240034D004F0F800F02826D104F007040420EB
:10BF34001844884220D8013313F8011B01F0C00CC7
:10BF440001F03F01BCF1800F41EA841414D1834213
:10BF5400F2D1A4F180010F4B99420DD8A4F55843B6
:10BF6400B3F5006F08D314605DF8044B7047581C98
:10BF740014605DF8044B704700205DF8044B704773
:10BF84000020704704F01F040220D1E704F00F04DE
:10BF94000320CDE77FFF10007E283ED94FF0350CFB
:10BFA400002330B4284C04E034F82120824220D805
:10BFB4000B46ACEB0302012A03EB5201F4D89BB20B
:10BFC40034F82320904216D24B2400231F4D04E062
:10BFD40035F8212082421ED80B46E21A012A03EBCF
:10BFE4005201F5D89BB235F8232082421FD030BCD1
:10BFF40070478C46DDE704EB8304821AE3789A42A7
:10C00400E2DA94F90230012B16D0D3B19BB2034487
:10C0140030BC98B270470C46DFE7A0F16103192BDE
:10C024008CBF00230123A0EB431398B2704705EBA8
:10C034008305688830BC704702F00102831A98B205
:10C04400D5E74EF2A033E2E7B005002084040020D7
:10C054004FF0E0234022C3F808227047F8B5144B90
:10C06400144D1C686E689CB1237A20466BB123681A
:10C074006F681B6898476B68E188DB1BC3F38F12FA
:10C08400B1EB931FA28038BFE2806469002CEBD12E
:10C09400084B094A5B6810889B1B084CC3F38F113B
:10C0A400B0EB931F218038BF1180BFF34F8FF8BDD1
:10C0B40018240020001000E0AE2C0020AC2C00203E
:10C0C400036818470B680360704700BF0B68036080
:10C0D400704700BF704700BF30B472B6244D254C82
:10C0E4002A8804F1700104EB82038B423CD204F1F0
:10C0F4006F01501CC91A00EB910002E00132824228
:10C1040032D09C4653F8041B0029F7D0B1FA81F0D1
:10C114004FF00043C34021EA0301CCF8001001B9F9
:10C124000132154B2A801A88013291B2198062B605
:10C13400ACEB040C41F67C73C0EB00644FEAAC0C2E
:10C14400C0EB841001240CEB8C1C03EBCC1303EB2D
:10C1540080030A480068C4541844094B1C8894425C
:10C1640030BC38BF1980704762B6002030BC7047BD
:10C17400B02C00201C240020A82C00201424002013
:10C18400AA2C0020428872B60378012B03D9013B04
:10C19400037062B67047D14353090B484FF0004215
:10C1A40001F01F01CA4050F823100A430749B1F8AF
:10C1B40000C040F823209C45054A88BF0B801388A3
:10C1C400013B138062B670471C240020B02C002071
:10C1D400A82C0020C36813B91DE0DB68E3B1187A0A
:10C1E4009042FAD110B4586893F809C0006950F825
:10C1F4002C4054B1DB682BB1187A9042F3D0DB6841
:10C20400002BF9D15DF8044B704740F82C100878E6
:10C2140001300870EEE77047704700BF437A8B42E5
:10C2240006D90369002253F8210043F821207047FE
:10C234000020704738B5437A8B421BD9036900222A
:10C2440053F8214043F82120A4B12378012B01D8CD
:10C25400204638BDFFF740FF054628B14FF48072F1
:10C26400211D043000F038FE2378013B23702C4656
:10C27400204638BD0024204638BD00BF00220449B2
:10C28400C0E90022028102740A680860C260704733
:10C294008C240020037CFBB903680146FBB143688E
:10C2A400EBB1427A5B7A9A421CD230B472B62B4B11
:10C2B4001C68ECB1E368C3B1486801E0DB68A3B172
:10C2C4005A688242FAD193F809C04A7A9445F5D162
:10C2D40062B6042030BC7047012062B67047032068
:10C2E40062B67047022062B670476469002CE1D1DF
:10C2F4001B4C236843B1994202D10BE0994207D009
:10C304001A46DB68002BF9D1052062B630BC7047B1
:10C3140002F10C040D68E868E8B1C3681BB908E0D1
:10C32400DA683AB1134681421846F9D162B606205A
:10C33400D0E70346D960CB68002023600123C8609E
:10C34400AA7A2B721A44AA724A68947A13721C4409
:10C3540094720B74D9E7E960EDE700BF182400205C
:10C364008C24002010B5047C9DF808E00CB1012059
:10C3740010BD027280F809E0C0E90013BDE8104066
:10C38400FFF788BF38B5037C002B36D043680446DA
:10C39400427A5B7A9A4238D272B60168CB68002B33
:10C3A4002DD0984233D01A46DB689C422AD0002B09
:10C3B400F9D16268607A136953F8200048B1FFF735
:10C3C400E1FE72B662680025607A1369216843F859
:10C3D40020508B7A013BDBB28B7203B90B72937AD8
:10C3E400013BDBB2937203B913720A4B00201A6843
:10C3F40020741C60E26062B638BD012038BD62B6AC
:10C40400032038BDE368D360D3E7022038BDC36896
:10C41400CB60CEE78C24002010B50446FFF7B2FFB2
:10C42400094A136843B19C4202D108E09C4205D0FA
:10C434001A46DB68002BF9D1204610BD0C32E368A4
:10C444002046136010BD00BF8C24002030B472B6A7
:10C4540021B9036813B102790F2A3BD9244C2188EE
:10C46400002341FA03F212F0010208D00133102B29
:10C47400F7D162B600220371026030BC70474FF0FE
:10C48400010C0CFA03FC41EA0C01218062B6194943
:10C494005FFA83FC184C194480F804C04B01E16F27
:10C4A40041F0C001E16740F2824414490C6081F814
:10C4B4001AC081F81EC081F818C081F81FC003603B
:10C4C40030BCC3E90022C3E90222C3E90422C3E960
:10C4D40006227047064C218841FA02F5ED07BFD5C4
:10C4E400044D1544B3EB451FBAD162B6C5E700BF8E
:10C4F400B82C00208074000200C00F4000800E4061
:10C5040003790F2B11D8094A937672B60849012290
:10C5140090F804C00B8802FA0CF223EA02030B80A1
:10C5240062B61022002302710360704700800E403F
:10C53400B82C0020EFF3108272B6437F5BB9017F01
:10C54400012930B40BD0032913D00123437702B956
:10C5540062B630BC70470AB962B670477047124C75
:10C564002168B1B1114943610B6808608361586166
:10C57400EBE70F4D0F492C688CB143610B68836165
:10C5840058614FF0E0234FF080540860C3F8044D25
:10C59400DBE7064B20601860C0E90511D5E7C0E968
:10C5A40005442860EDE700BF0C2500201825002075
:10C5B400142500201025002070B5EFF3108272B608
:10C5C4000C4C206880B10C4E00254369236073B184
:10C5D4009D6102B962B6836845779847EFF310828C
:10C5E40072B620680028F0D102B962B670BD33601B
:10C5F400EFE700BF1425002010250020FFF7DCBF63
:10C604000449054A4968054B1960136801331360EE
:10C61400704700BF001000E0482C0020442C00208C
:10C62400704700BF704700BF704700BF704700BF2E
:10C6340070B51A4C1A4D2368AB4202D0194AD1681E
:10C6440029BBA369AB4202D0164AD169C9B9236B8D
:10C65400AB4202D0134AD16A69B9A36CAB4209D088
:10C66400104AD16B31B101211B680F48D163BDE879
:10C674007040184770BD01211B680C48D16298476F
:10C68400EBE701211B680A48D1619847DFE70121E4
:10C694001B6804F10800D1609847D2E7C01A002053
:10C6A4004C07002000410840101B0020F81A00200D
:10C6B400E01A002038B5064CA4F1600554F8083C93
:10C6C4002046183CDB689847AC42F7D138BD00BF20
:10C6D400101B002003682DE9F041044688B017467A
:10C6E400002B4BD000229A600122DA60304D04A85E
:10C6F400DFF8E0801D4451F8083B2D1102935B687C
:10C7040005EB45069847F60006F1080058F8063090
:10C714004044DB6801909847264A04A9DDE90103F7
:10C72400029248F806309B689847029B04A8DB688D
:10C7340098472368032220481F609A601F4A237980
:10C744001F4C535513785178C0F828428B4228BFA8
:10C754000B469178D2788B4228BF0B46934228BF70
:10C764001346184C4FF0E0224FF08061012084F80A
:10C774007A30C2F80C1108B0BDE8F081124AD36EC9
:10C7840043F44053D3660122104B1A60104A1346F7
:10C794000260403298680028A8D010339342236086
:10C7A400F8D100231846236008B0BDE8F08100BF2B
:10C7B40000BFF7BF4C070020001800206C120020B7
:10C7C40011A4000000E400E000C00F400040084055
:10C7D40000410840C01A002010B4064B0020064C4B
:10C7E400064A1C609C611C639C6405495DF8044B0B
:10C7F40002F0AABAC01A00204C0700207C120020C4
:10C8040095A40000084602F055B900BF2DE9F04197
:10C814000C46D1B1EAB180468E1800250E4F04E0D3
:10C8240002F048F9B44205440CD0D8F8003014F8AA
:10C83400010B1B68BB42F3D0014640469847B44203
:10C844000544F2D12846BDE8F0810D462846BDE8EE
:10C85400F0811546F6E700BFE5A5000000B50368C2
:10C8640083B040F60D2C022201A95B68ADF804C028
:10C87400984703B05DF804FB00B9704714490A688F
:10C88400EAB1D31730B4134C134D84FB024C134C50
:10C894009444C3EB2C4304FB132244F2A71405FB7A
:10C8A40003F304FB0233002B10DA6FF000421A4446
:10C8B4000A60B2FBF0F330BC00FB13207047084A57
:10C8C400B2FBF0F30A6000FB132070471A46EFE74F
:10C8D400DC2300205F0B4E83ECF4FFFF1DF301000B
:10C8E40042CE0C1F2A2849D8F8B5254F04463B7878
:10C8F400E3B9244B1B5DFF2B29D0234A02EB04121E
:10C9040091680A6802F44050B0F5805F30D01C068C
:10C914001FD41E4C2360236AD80704D402F040F9C4
:10C92400236AD907FAD5194B586AF8BD174D184E22
:10C9340001E002F035F9AB6C1B06FAD4B36C13F0CA
:10C944008003F6D13B700F4B1B5DFF2BD5D100202C
:10C95400F8BD0F4C03F07F032360236ADA0704D485
:10C9640002F01EF9236ADB07FAD5094B586AF8BDB1
:10C9740022F480521C060A60EBD4CAE700207047F8
:10C98400C82C0020E80D0020680A002000400C405C
:10C9940000800C40082830B422D00A280CBF4FF481
:10C9A40005714FF44671104C104D636C626C2B4052
:10C9B4000F4802F003021A43636C03F0E0031343CD
:10C9C4000B436364436C426C2B4002F003021A4332
:10C9D400436C03F0E0031343194330BC41647047D4
:10C9E4004FF44071DFE700BF00400C4000FCFFFF44
:10C9F40000800C40A249A34B88422DE9F047A24C89
:10CA04005E699A69D4F80C801BD9A04B984240F215
:10CA14000281C31A9E491B0AA1FB031340F227613A
:10CA2400DB0903EB830303EB830303F2E2438B424F
:10CA340028BF0B46A3F54877964BA3FB0737FF089F
:10CA440004E0954FB8428CBF0E2706278D4908F0A5
:10CA54001F09D1F88030B94543F0C003C1F88030D4
:10CA64000CD228F01F08A1F5F82148EA0708C1F8FC
:10CA74000C800B68002BFCDA08F01F0916F0007319
:10CA840024D186490C698649A14300F0EA8082F4E6
:10CA9400805134464FF4805514F0605F04D026F082
:10CAA40060561E43774B5E6111F4405F07D022F459
:10CAB400405274492A438A618B6C1A07FCD446F0AD
:10CAC4000076704A5661936C9B06FCD4754CA04268
:10CAD40000F2CE804FF0010C0146634603FB0112C5
:10CAE40003F1010E0CF10105A24218D8BEF1080FA2
:10CAF4004FF0010340F08D80BCF1040F00F29180EF
:10CB04000A18A24200F2A48005FB00F1AC4603F12E
:10CB1400010E03FB01120CF10105A242E6D90CF14E
:10CB2400FF318C0286EA81215F4810445F4A9042BB
:10CB34007FD9DFF8A4A16C225D48584DB0FBFEF00C
:10CB4400D5F800E0B0FBFCF0DFF890C10EEA0C0C65
:10CB5400D44509D042F400524FF4805CC5F800C0BB
:10CB64002A602A68002AFCDA464A156905F0070596
:10CB74009D4203D01361936CDD03FCD411F4E05F98
:10CB840009D026F4E05604F4E0543E4A26435661A4
:10CB9400936C9907FCD44749474A014491423CD8D5
:10CBA400464BC909A3FB0131090B4B1E1B0286EA44
:10CBB400030212F4407F06D026F4407603F4407357
:10CBC400304A334353612F4A536923F0007353614E
:10CBD400936C9B06FCD43A4B4F45A3FB00234FF0C8
:10CBE400FF324FEA9343B0FBF1F1B2FBF3F3354A62
:10CBF4001060354A1160354A136008D228F01F08C6
:10CC0400214A48EA0707D7601368002BFCDABDE81D
:10CC1400F087734662E7122718E74FF44073042144
:10CC2400C5E70CF1FF31204807238C02104486EA43
:10CC34008121274ADFF8A8A0A2FB0020020D254885
:10CC4400362A38BF362202FB00F042EA0A0A74E7A9
:10CC54004FEA8C24002386EA8C214FF0010EAC4667
:10CC640062E71D4686F0C05411464FF0C05313E7E7
:10CC740000244FF0010C024631462346E64653E7B2
:10CC840000A4781F00C00F40000008400046C323E2
:10CC940023B24C001F85EB5100366E0100800D401D
:10CCA40040300080FFB19F26808D5B00FF7EF64DF3
:10CCB40000643F4D7FD1F0087F17B42C9F10E5002E
:10CCC40083DE1B43FC110020F8110020AC2B002054
:10CCD400819F5E16001BB7006C2000807F300180AE
:10CCE4000020008000B970472DE9F84F01218146EA
:10CCF400214C224D224E54E8003F2A68306844E813
:10CD04000013002BF7D11F494B684FF47A7BDFF8EF
:10CD140078A01B1A01270BFB02F8DAF80020A3FB0A
:10CD240002325A4594BF9044D84454E8003F2A68DC
:10CD3400306844E80073002BF7D14B68DAF800C080
:10CD44001B1A0BFB02F2A3FB0C3CBCF57A7F94BFCD
:10CD5400624402F57A72A2EB0802B2F57A7F06D336
:10CD6400B9F1010908F57A78DFD1BDE8F88F01F04F
:10CD740017FF0449D9E700BF4C2C0020482C0020A1
:10CD8400442C0020001000E0AC2B002030B40F4BEA
:10CD94004FF0010C0E4D0F4C53E8002F286821680A
:10CDA40043E800C2002AF7D10B4B5B680B4A5B1ABD
:10CDB4004FF47A71126801FB00F0A3FB023230BC1D
:10CDC4008A4294BF80184018704700BF4C2C002042
:10CDD400482C0020442C0020001000E0AC2B002044
:10CDE400362816D80201104B03EB00109B5810B4E0
:10CDF400C2685C68144205D061B95DF8044BC3F89D
:10CE040088207047836851B1084A5DF8044B1A6062
:10CE1400704770475DF8044BC3F884207047044A98
:10CE24005DF8044B1A607047680A002038F001006E
:10CE34003830010036280BD8064B020103EB0010F2
:10CE44009A58C36892681A4214BF012000207047A0
:10CE540000207047680A0020362829D8164B0201A2
:10CE6400012903EB00109A5810B45368C4680ED01B
:10CE740004290CD023EA040353608368A9B102296E
:10CE840017D003290CBF0D4A0D4A1A6007E023434B
:10CE940001295360836808D040F638021A60436859
:10CEA40015225DF8044B1A60704738221A60F6E7C1
:10CEB4007047044A1A60F2E7680A0020383001001B
:10CEC4003800010038F0010008B5F5F775FBF5F7F7
:10CED400C9FB01F065FEFAE7844641EA000313F05A
:10CEE40003036DD1403A41D351F8043B40F8043B6D
:10CEF40051F8043B40F8043B51F8043B40F8043B30
:10CF040051F8043B40F8043B51F8043B40F8043B1F
:10CF140051F8043B40F8043B51F8043B40F8043B0F
:10CF240051F8043B40F8043B51F8043B40F8043BFF
:10CF340051F8043B40F8043B51F8043B40F8043BEF
:10CF440051F8043B40F8043B51F8043B40F8043BDF
:10CF540051F8043B40F8043B51F8043B40F8043BCF
:10CF640051F8043B40F8043B403ABDD2303211D36F
:10CF740051F8043B40F8043B51F8043B40F8043BAF
:10CF840051F8043B40F8043B51F8043B40F8043B9F
:10CF9400103AEDD20C3205D351F8043B40F8043B6F
:10CFA400043AF9D2043208D0D2071CBF11F8013B6D
:10CFB40000F8013B01D30B8803806046704700BF33
:10CFC400082A13D38B078DD010F003038AD0C3F142
:10CFD4000403D21ADB071CBF11F8013B00F8013B24
:10CFE40080D331F8023B20F8023B7BE7043AD9D3E3
:10CFF400013A11F8013B00F8013BF9D20B780370B8
:10D004004B7843708B7883706046704702F020B889
:10D0140002F026B801F1FF3C70B56646002400E03A
:10D024000134B0FBF2F502FB1503092B03F1370EB3
:10D0340003F130035FFA8EFE98BF5FFA83FE9042DD
:10D04400284606F801EFEBD2631C0022C818CA5424
:10D054007CB162461CF8015F10F8016DA1EB0C0372
:10D0640002328CF80060013B521A057023449A4244
:10D07400EFDB084670BD00BF00230F2248F2B82C36
:10D08400194610B54FF470444FF4806EA0F88C41EB
:10D094004FF46044A0F88E210A46A0F89031B0F80D
:10D0A40088319BB243F0F003A0F8883101EB4103CF
:10D0B400013100EB431304299C80A3F806E05A8451
:10D0C4001A865A805A81A3F80EC05A82DA825A8389
:10D0D400DA83EBD1B0F888319BB243F00F03A0F8A8
:10D0E4008831B0F888319BB243F47063A0F888317A
:10D0F40010BD00BF374B384A996F384841F47F015F
:10D1040070B5996741F20106D3F8801045F6C05511
:10D1140043F226040A43C3F88020FFF7ADFF00F56D
:10D124008040FFF7A9FF00F58040FFF7A5FF00F559
:10D134008040FFF7A1FF0022A0F503104FF00F0E6F
:10D14400114600EB42134FEA421C01329981042A32
:10D154005981A3F80EE09E82DD8020F80C1019821C
:10D164009C81EED100221E484FF00F0E41F20106C1
:10D17400114645F6C05543F2260400EB42134FEA2C
:10D18400421C01329981042A5981A3F80EE09E823F
:10D19400DD8020F80C1019829C81EED10022114808
:10D1A4000F2641F20105114645F6C05443F2260EFE
:10D1B40000EB42134FEA421C01329981042A59813F
:10D1C400DE819D82DC8020F80C101982A3F80CE02B
:10D1D400EED170BD00C00F40000003FC00C03D4014
:10D1E40000001E4000401E40074A506A936A1946D8
:10D1F4008446506A936A9942F9D18445F7D1DB0B8E
:10D2040043EA4040704700BF00400D4072B6EFF360
:10D214000583524CC4F884301EF0040F0CBFEFF3A6
:10D224000882EFF309824FF0E0234D4E4D4DD3F8C1
:10D23400280DD3F82C1DC4E92201D3F8341DD3F8EA
:10D24400383DC4E924139369C4F89830D369C4F809
:10D254009C3000F0BFF884ED280AFFF7C5FF0B21CE
:10D264004FF0FF32C4F8A4000B46C4F880103E49C6
:10D27400301D5A40202402F00103013C01FB03F35A
:10D2840083EA5202F7D1A84202D073680646EFE758
:10D29400324BC3F8A820BFF34F8F4FF0E02330493F
:10D2A400324AC3F8701FC3F8702FBFF34F8FBFF318
:10D2B4006F8F2F4A02252F48D36E2F4943F44053D2
:10D2C400D3660560D3692D4823F07F0343F0400300
:10D2D400D3610B6883423DD8264D00214FF0E023F3
:10D2E4004FF0FF3229600126C5F808112449C5F81A
:10D2F4000011C5F80861C3F88021C3F88421C3F87C
:10D304008821C3F88C21C3F8902101E000F0D4F9FE
:10D31400D5F80C31002BF9D00134C5F80C614F2C31
:10D32400F4D9184B022018494FF00042C1F84001CB
:10D334005A63D5F80C313BB9144815490D4A0163B9
:10D34400D2F80C31002BFAD04FF0E023114AC3F885
:10D354000C2DFEE7FFF74EFBBEE700BF00FF2720C2
:10D3640080FF2720A8FF27202083B8EDA0FF2720D7
:10D3740000C00F4000400840FC110020803DCD0B50
:10D38400009F240000900D4000002E4000800F40BC
:10D39400F100AD0B0400FA050A490A6838B108B572
:10D3A40013180948834204D810460B6008BD104680
:10D3B400704702F0F9F90C234FF0FF320360104676
:10D3C40008BD00BF781200200000282030BFFDE710
:10D3D400FFF71CBF124AD2F880305B07FBD5D2F8A6
:10D3E40080301048C3F30B230F4990ED007A07EE09
:10D3F400903A91ED006AB8EE477A0C4AF8EEE77A73
:10D404000B4BD2ED006A77EEC77A93ED007AB8EE53
:10D41400477A67EE867A87EEA60A37EE400A7047A7
:10D4240000810D40742B00207C2B0020802B0020D9
:10D43400782B002030B4002931D12B4C2B4B012107
:10D444001960DAB12A49002248F280054FF0011030
:10D454009A605D60C4E91232C1F8BC014FF48032B5
:10D46400D1F8B0311343C1F8B031224B20491A60CE
:10D47400D1F8B031002BFBD130BC70471C4980255A
:10D484004FF001109A605D60C4E91232C1F8BC012A
:10D49400D1F8B03143F48033C1F8B031E5E7090481
:10D4A400154B0124002541F0800198601C605960EF
:10D4B40000F580510C4CD96000F50051E56019610C
:10D4C40000F5405100F58040A36059610849986116
:10D4D400D1F8B03143F00103C1F8B031D1F8B03123
:10D4E400002BFBD1AAE700BF00000020201B002076
:10D4F40000002E40D4280020401B0020836BF0B491
:10D504001BB1536843F40043536072B6446B3CB39D
:10D514001A4B2260D3F8B0410C421DD1184E7768E3
:10D5240004E07468E41BB4F5166F0BD2D3F84041E1
:10D5340044F48044C3F84041D3F8B851D3F840418F
:10D544006404EED50D4007D10C4CC0E90225D4F893
:10D55400B0310B43C4F8B031426362B6F0BC7047DB
:10D56400064DC0E90224D5F8B0310B43C5F8B031FB
:10D574000263426362B6F0BC704700BF00002E40F5
:10D58400001000E070B5056B9DB106462A460024E4
:10D5940003E012680134012A0CD0536813F08003AD
:10D5A400F7D032632CB12846B36B2D689847013C01
:10D5B400F9D170BDC6E90C33F4E700BF30B4D9B972
:10D5C4001F4C204B0021204A01254FF00110996087
:10D5D4001D60C4E9023180245C60C2F8BC01D2F849
:10D5E400B0311A482B43C2F8B0310160D2F8B031DF
:10D5F400002BFBD130BC70470904154B104C01259E
:10D6040041F080019860104A596000F580511D6016
:10D61400D96000F50051A364196100F5405100F58B
:10D624008040596100219861E164D2F8B03143F43B
:10D634008033C2F8B031D2F8B031002BFBD1C0E74F
:10D6440000000020201B002000002E40D4280020D1
:10D65400401B002010B472B60A4C01220A492378F8
:10D6640002FA00F018432070D1F848311A0605D4A4
:10D6740080221343C1F84421C1F8483162B65DF8F1
:10D68400044B7047CD2C002000002E400849012295
:10D694000B7802FA00F023EA0000087030B9054A5A
:10D6A400D2F8483123F08003C2F84831704700BFF4
:10D6B400CD2C002000002E402DE9F04FA64C87B061
:10D6C400D4F84461F107C4F8446154D5D4F8AC31BA
:10D6D400002B4BD0A14DDFF89C92DFF8B8B2DFF8F5
:10D6E400B882C4F8AC31D5E90A70D4F8403143F4B7
:10D6F4000053C4F84031D4F840319B04F5D5D4F834
:10D7040040314FF0011223F40053C4F84031C4F8FF
:10D71400B421D4F8B43113F00113FAD1BAB2C9F870
:10D724000030B2F5086FCDE9047000F00B8200F20E
:10D73400358140F202318A4200F0228200F2B38045
:10D74400822A00F0078240F2A580B2F5817F40F082
:10D75400888010F0780F83B200F03C824FF0011300
:10D76400C4F8C031D4F8AC31002BBAD17A4BD3F819
:10D77400BC41002C40D1720614D5774AD2F8AC31A2
:10D78400C2F8AC31D2F8BC31C2F8BC31D2F8B031F5
:10D79400002BFBD14FF0FF307149C2F8B401D2F82D
:10D7A40084210B60F40103D56E4B1B6803B19847C9
:10D7B400B00103D56C4B1B6803B19847710708D5BA
:10D7C400654BD3F8843113F4007347D0674B0122BF
:10D7D4001A70614BD3F848311A060AD5330608D5B6
:10D7E400634A13782BB1013BDBB21370002B00F0BA
:10D7F400A28207B0BDE8F08F5E4AC3F8BC4113684B
:10D804001C4240F00C82564B1B681C40B3D05FEAAC
:10D81400144810D0514D4FF0010998FAA8F7B7FAFF
:10D8240087F705EBC71009FA07F74030FFF7AAFEA0
:10D8340038EA0708F1D1A4B2002C9CD0474D4FF030
:10D84400010894FAA4F7B7FA87F705EBC71008FAAA
:10D8540007F7FFF797FEBC43F3D18CE7434A1370F5
:10D86400B7E7FFF47BAF40F221139A4204D040F2B1
:10D8740021239A427FF472AFB0F5102F4FEA104182
:10D88400BFF46CAF3C4B0122C3E900703B48FFF787
:10D89400D1FD67E7802A7FF461AF39480221038014
:10D8A400FFF78CFE5EE7B2F5A06F00F02D814AD938
:10D8B400A2F5D062012A3FF651AF324B59680029D4
:10D8C4003FF44CAF4FEA174C1FFA80FE04E019698D
:10D8D4000C3300293FF442AF1A886245F7D15A88C5
:10D8E4007245F4D14FEA1C22032A00F0AF811A8951
:10D8F400000C824228BF0246BCF5007F174640F068
:10D90400AB811A4B20491878204BDFF884A00028FB
:10D9140018BF19461E48FFF7DFFA2AF01F030AEB67
:10D924000701BFF34F8F4FF0E020C0F8703F203362
:10D934009942FAD8BFF34F8FBFF36F8F144839461B
:10D94400FFF73CFE0EE740F221339A4294D040F2B6
:10D9540021439A4290D001E700002E4000000020AD
:10D96400D8280020782C00207C2C0020D62C0020E5
:10D97400D72C0020D4280020F81E0020CC2800201A
:10D984004C2B002050100020402000602C2100600F
:10D99400402A2020D52C0020C0012E4040F68121B1
:10D9A4008A4274D019D948F2A2118A4262D034D979
:10D9B40048F2A1439A4229D1B0F5102FBFF4CEAE5C
:10D9C40003AAB54904A800F0D9FD00283FF4C6AE67
:10D9D4000399B148FFF7F2FDC4E6B2F5106F65D0C4
:10D9E40040F621139A427FF4B9AEB0F5102F4FEAF6
:10D9F4001041BFF4B3AEA94AA74BC2E90070E922B3
:10DA040018461A700122FFF715FDABE622F4807266
:10DA140048F2A1239A42CFD0A0E640F601318A42CF
:10DA240023D180B2022800F0518103287FF496AEFE
:10DA34009B4B0022C7F30F4C9A60EA64994AAB648B
:10DA440082F800C001221A6080225A604FF001134C
:10DA5400C4F8BC31D4F8B03143F48033C4F8B031E5
:10DA6400D4F8B031002BFBD17CE648F2A1139A42E2
:10DA7400A2D073E6B0F5403FFFF470AE86480321B0
:10DA840083704AF644430380FFF798FD6AE680B248
:10DA9400022800F0378103287FF460AE814B1B78A5
:10DAA40001217D480370FFF789FD5BE6C7F3074C4E
:10DAB4004FF0CC1201938BF800C0C4F8C8214FF08A
:10DAC400C412C4F8CC21C23AC4F8D02100F032FE0A
:10DAD40000F0E0FC724A0121019BAA6411608021DC
:10DAE400936051604FF00112EB64C4F8BC21D4F888
:10DAF400B02142F48032C4F8B021C9F80030D4F81F
:10DB0400B031002BFBD12DE6654AEB649360012311
:10DB1400AA641360802353604FF00113C4F8BC312E
:10DB2400D4F8B03143F48033C4F8B031D4F8B03110
:10DB3400002BFBD1BDF812305B0643F08073C4F8B0
:10DB440054310FE6584801219BF800300370FFF769
:10DB540035FD07E683B210F078007FF4FFAD03F0E3
:10DB64007F0258F82210504A108018066BD4CF0751
:10DB740001D50123137002214B48FFF71FFDF1E586
:10DB840010F0780F83B27FF4E9AD03F07F0213F055
:10DB9400800F58F8223014BF43F4803343F001035C
:10DBA40048F8223000223E4BEA649A600122AB64BA
:10DBB4001A6080225A604FF00113C4F8BC31D4F8C3
:10DBC400B03143F48033C4F8B031D4F8B031002B11
:10DBD400FBD1C7E503F07F0213F0800F58F8223021
:10DBE40014BF23F4803323F0010348F822300022C9
:10DBF4002B4BEA649A600122AB641A6080225A605B
:10DC04004FF00113C4F8BC31D4F8B03143F480337D
:10DC1400C4F8B031D4F8B031002BFBD1A2E5002315
:10DC24001E491360214AD1E90031934228D0204A89
:10DC3400934203D01F4A93427FF4E5AD1649174837
:10DC440000F0CEFCDFE5CB0393D494E70A78000C14
:10DC5400824228BF02461746BCF5E06F54D1164BEA
:10DC64003A46DFF864A018781449154B002818BF09
:10DC740019465046FFF730F907238AF801304CE67D
:10DC8400B1F5802F7FF4BFAD034B1A78A92A42D097
:10DC94000C4B01221A70B6E5CC280020F81E002097
:10DCA400201B0020D12C00204C2B00202109000334
:10DCB4002101010221010001D62C00202C21006049
:10DCC40040200060D82C0020402A20201C4AC7F3A2
:10DCD4000F4CEB6493601B4BAA6483F800C00123D0
:10DCE4001360802353604FF00113C4F8BC31D4F89F
:10DCF400B03143F48033C4F8B031D4F8B031002BE0
:10DD0400FBD12FE50F4BCAE6DFF840A03A46504658
:10DD1400FFF7E2F801E65A78452AB9D19A78C22A7F
:10DD2400B6D1DB786B2BB3D10420FFF793FC064B01
:10DD340050221A7067E50420FFF7A8FC01F080FF69
:10DD4400201B0020D42C0020D72C0020402A202087
:10DD54002DE9F0471F46831E022B01D9BDE8F08749
:10DD6400DFF84C9015460C463C2209EBC0180646D9
:10DD74004FEAC01A002108F10400240401F06AFCEF
:10DD8400B5FA85F20123520944EA427449F80A407B
:10DD9400C8F83870C8F80830002FDFD0034AB34001
:10DDA40011680B431360BDE8F08700BFD82800203A
:10DDB400000000202DE9F0470D46811E022901D9FB
:10DDC400BDE8F087C701DFF84C909246044640371F
:10DDD4003C2200211E4609EB07082D0408F104002B
:10DDE40001F038FCBAFA8AF2520945EA427249F85B
:10DDF40007200122C8F83860C8F80820002EDFD0B8
:10DE0400034B10341968A2400A431A60BDE8F08736
:10DE1400D8280020000000202DE9F0471446013ADC
:10DE2400022A04D81D46831E0746022B01D9BDE8E9
:10DE3400F087DFF844900E46A4073C2209EBC01893
:10DE440000214FEAC01A08F1040044EA064401F034
:10DE540001FC012349F80A40C8F83850C8F80830D2
:10DE6400002DE4D0034ABB4011680B431360BDE8A6
:10DE7400F08700BFD8280020000000202DE9F047DB
:10DE84001446013A022A04D81D46831E0746022B73
:10DE940001D9BDE8F0874FEAC018DFF848A00E4664
:10DEA400A40708F140083C22002144EA06440AEB96
:10DEB400080909F1040001F0CDFB01234AF80840E8
:10DEC400C9F83850C9F80830002DE2D0044A07F1E7
:10DED4001000116883400B431360BDE8F08700BF56
:10DEE400D82800200000002012048160C36101F5DD
:10DEF400405342F0800210B40124426001F5005204
:10DF0400046001F5805401F58041C46081615DF8CD
:10DF1400044BC0E904237047831E0A46022B00D930
:10DF24007047064B00F110014FF0010C03EBC010D9
:10DF34000CFA01F14030FFF7E1BA00BF0000002005
:10DF4400831E0A46022B00D970470121024B8140EF
:10DF540003EBC010FFF7D2BA0000002040687047FE
:10DF640000EB830398422DE9F04709D30AE050F807
:10DF7400044B250C834221F8024B22F8025B01D9A1
:10DF84008C07F4D4A3F10804A04230D2A3F1090809
:10DF940000F1080C9646174FA8EB00084FEAD80882
:10DFA40008F101084FEA880901EB88065CE902A43C
:10DFB4000CF1080C1FFA8AF545EA04453C4041F887
:10DFC400045B44EA1A44B1424EF8044BEED100EB30
:10DFD400C8004A44834208D950F8041B0C0C8342FD
:10DFE40026F8021B22F8024BF6D8BDE8F0870E464D
:10DFF400F0E700BF0000FFFF38B5114A114B11785C
:10E004001A680023104C114DCA4011482146226061
:10E014002A78FFF769FF2B782344BFF34F8F4FF023
:10E02400E022C2F8684F2034A342FAD8BFF34F8FDE
:10E03400BFF36F8F06490420BDE83840FFF76CBF7B
:10E04400D32C0020F0280020A0282020D22C00204F
:10E05400801C002038B505460021FEF7EBF80121AD
:10E0640004462846FEF7E6F83B4B05461B78F3B119
:10E07400002C4AD0002D54D072B6384B18680028B2
:10E084003DD0374A1168002956D019603549364BBE
:10E09400146000240A680D6034490C801C681A60FE
:10E0A400FEF770F82046FEF76DF862B638BD14B17D
:10E0B4002046FEF767F815B12846FEF763F8274CAB
:10E0C400206818B1FEF75EF800232360244C206812
:10E0D40018B1FEF757F800232360234C206818B1C9
:10E0E400FEF750F8002323601E4C206818B1FEF799
:10E0F40049F8002323601D4B00221A8038BD1C60A0
:10E10400194A1A4B15601880CFE7FDF7E5FF04465E
:10E11400B0B14FF480720021043001F09BFA002D5D
:10E12400AAD1FDF7D9FF054688B14FF480720021CA
:10E13400043001F08FFA9FE70A4B14601D60B4E7C6
:10E14400002DB3D02846BDE83840FEF71BB8204662
:10E15400BDE83840FEF716B8D42C0020FC2400207B
:10E16400002500200825002004250020B42C0020D0
:10E174002DE9F84F01224A4BDFF838A186081A70BE
:10E18400484BDAF800401F88474BB9461D68002CFD
:10E194004AD0002D51D0002E58D0C7F180039E42A2
:10E1A4007AD3DFF814B1414FDFF81081FBB93B6833
:10E1B400002B37D1D8F80030002B33D13C60C8F89D
:10E1C4000050FDF789FF0446002843D0FDF784FF83
:10E1D4000546002846D0344BCAF800401860002E8B
:10E1E40033D07F2E4FF000094FF0800345D92A1D0C
:10E1F400211D58464E4402EB490201EB4901803E81
:10E204000BEB830BFFF7ACFE3B681BB9D8F800306F
:10E21400002BD3D08023234A13801EB1244A1368D1
:10E2240001331360BDE8F88FFDF756FF044600285C
:10E23400F8D0CAF80000002DADD1FDF74DFF05461A
:10E244000028EFD0184B1860A5E73746154B1F8000
:10E25400BDE8F88F144BCAF800001860114B188001
:10E26400BDE8F88F2046FDF78DFF0F4BCAF800502C
:10E274001D600C4B1D80BDE8F88F4F464B462A1D90
:10E28400211D584637441A4419443346FFF768FEA3
:10E29400044B1F80BDE8F88F7B00DFF81CB0EEE76D
:10E2A400C22C0020B22C0020B8240020AC24002072
:10E2B400702C0020B4240020C0282020B02400208A
:10E2C40008B538B1114B5868C0F30E40C0F1B40022
:10E2D400FFF74EFF0023B4220D490C48FFF704FE5C
:10E2E4000B4B03F1B401BFF34F8F4FF0E022C2F8A0
:10E2F4005C3F20339942FAD8BFF34F8FBFF36F8F3F
:10E3040002490320BDE80840FFF71ABE601B002045
:10E31400C0282020002303480349044A03700B60EB
:10E3240013607047C32C0020FC2400200425002027
:10E33400394A2DE9F84F13680133092B2DED028B6F
:10E3440055D9B42100234FF02D0908EE101A13609B
:10E354000027DFF8D8B0DFF8D8A0DBF80000A9EB7D
:10E36400070200284AD0BAF800C0051D2B4B05EB64
:10E374004C05D3F80080CCF180039A4208F10404E0
:10E3840028BF1A46264B04EB4C0403EB87065AB10C
:10E39400114635F9023B013934F902EB9BB243EAE9
:10E3A4000E4346F8043BF4D194441744BCF17F0F68
:10E3B4000BD81FFA8CFC4F45AAF800C0CDD318EE39
:10E3C400100ABDEC028BBDE8F88FFDF7DBFE40467A
:10E3D400FDF7D8FE1348144B0022016894460260EE
:10E3E400CBF8001019681A600C4B1960E3E7B021F0
:10E3F4004FF02C09136008EE101AA9E7084B0146E8
:10E40400920003EB470001F025F918EE100ABDEC69
:10E41400028BBDE8F88F00BF701200200425002095
:10E42400401E00200025002008250020FC24002098
:10E43400B42C002038B5FFF77BFF114A114B054679
:10E4440012681B78104CDA40104900230A60024617
:10E4540021460F48FFF748FD6019BFF34F8F4FF077
:10E46400E023C3F8704F2034A042FAD8BFF34F8F93
:10E47400BFF36F8F06490320BDE83840FFF74CBD5A
:10E48400F0280020D32C0020401E0020A0282020AB
:10E49400A01C002038B52B4900242B4B2B4A1C60B0
:10E4A4000C6011782A4BA1422A4A2B4D21461A604E
:10E4B4000BBF032304230A20082020222B70274BA0
:10E4C4001870274801F0C6F80122B4210320254B17
:10E4D400FFF7A2FC2346B42223492148FFF704FD99
:10E4E400214B03F1B401BFF34F8F4FF0E022C2F888
:10E4F4005C3F20339942FAD8BFF34F8FBFF36F8F3D
:10E5040017490320FFF71CFD20220021174801F0C2
:10E51400A1F8174B297801220420FFF7AFFC002053
:10E52400FFF76AFD20220021124801F093F803202E
:10E53400114B0122B421FFF7A1FC0020BDE83840B3
:10E54400FFF778BF702C0020742C0020D62C0020FC
:10E55400F02800209A99192CD22C0020D32C0020CA
:10E56400601B0020A1C00000C0282020801C0020C7
:10E57400D9BD0000A01C002015C200000378A12B07
:10E5840001D000207047C3784078012B08D0022BBB
:10E59400F7D181380328F4D8DFE800F01B17130BF8
:10E5A40010B40E4C184664680C705DF8044B13608C
:10E5B4007047012300200B70022348700120136070
:10E5C4007047FF2300200B70F6E7002318460B70FA
:10E5D400F2E7024B98680870587AEDE76012002061
:10E5E4000378212B01D000207047C3784278012B97
:10E5F40009D0022BF7D1012AF5D1074B104609782F
:10E604001A6099607047012AEDD1034B10460978CE
:10E61400C3E90021704700BF60120020124A134B67
:10E62400D2F8200220F07F40984210B584B002D284
:10E6340000EB800040000E4C01A90A22FEF7EAFC20
:10E6440001A90023204611F8012B01333AB10A2B0A
:10E6540020F8022FF7D11623237004B010BD5B00FD
:10E66400DBB2237004B010BD00441F4080969800B4
:10E67400E416002000F0F6B800F0C0B800F014B9B9
:10E6840000F062BA00F038BA0846114600F028BA21
:10E69400F8B5104D4FF0E0260F4C4FF4003705EB62
:10E6A4004015034604EB401420222946C6F88C7119
:10E6B4002046FFF719FCBFF34F8FC6F85C5FBFF32A
:10E6C4004F8FBFF36F8F02202146FFF739FCC6F846
:10E6D4000C71F8BD402B2020801B00204368C069CA
:10E6E400C3F30E43C3B90E4942018A5CA2B10D497A
:10E6F40010B40A780C4C013224F81030082A0DD8D2
:10E70400D4B213460C700949094C0A68E05420320B
:10E714005DF8044B0A607047FFF7BABF1C46F1E787
:10E72400402B2020CB2C0020582B0020542B0020E1
:10E73400682B002038B500244FF4C07221482146CC
:10E74400214D00F087FF2148214B4FF48072214670
:10E75400047020481C8000F07DFF1F4A02201F49DE
:10E764001F4B0C7020211C7014601E4B54602C60D5
:10E77400C2E902442246FFF7EBFA2346224640212F
:10E784000220FFF717FB20460134FFF781FF082C16
:10E79400F9D1154B00214A221448154C0460C3F8E2
:10E7A4008410C3F88020D3F84821124942F08072C3
:10E7B400C3F8482121B1104A137843F001031370C0
:10E7C40038BD00BFC01C0020542B0020CF2C0020DB
:10E7D400BA2C0020801B0020582B0020CB2C0020BA
:10E7E400CC2C0020BDC4000000002E40782C00205A
:10E7F40011C7000000000000D92C002070B5144B94
:10E80400144D2A7819788A421FD0D3B2124A134E73
:10E814000133134C092B28BF0023D05C36F8102099
:10E8240002EB401101321F2A04EB010C645C02D894
:10E834009CF8011029B9DBB22B70FFF729FF2046A1
:10E8440070BD26F81020204670BD4FF0FF34F6E767
:10E85400CB2C0020CC2C0020682B0020582B00202F
:10E86400402B20200B4B0C4A12781978D3B28A42E1
:10E874000DD00133094A0A48092B0A4928BF00234D
:10E88400D25C30F8123003EB4213C85C70474FF08F
:10E89400FF307047CB2C0020CC2C0020682B0020AC
:10E8A400582B0020402B202008B5064A064B12782E
:10E8B4001B789A4201D0012008BD00F071F90020B4
:10E8C40008BD00BFCC2C0020CB2C002070B5154E09
:10E8D4000023154D3278154C05EB421504EB8214D8
:10E8E400402228462146FFF7FFFABFF34F8F4FF02F
:10E8F400E02304F12002C3F8704F4034944201D95C
:10E90400C3F8702FBFF34F8FBFF36F8F02202946D8
:10E91400FFF702FB33780133DBB20B2B88BF0023F4
:10E92400337070BDCF2C0020C01C0020402C202050
:10E9340038B50D4B1B7833B90C4D03F0FF042A880E
:10E94400531E3E2B00D938BD0949C2F14003094882
:10E95400097803EB81132146184400F07BFE2C80D8
:10E96400BDE83840FFF7B2BFD02C0020BA2C0020FD
:10E97400CF2C0020402C20202DE9F04F85B0CDE98C
:10E984000110002900F081800023414FDFF81C8131
:10E99400DFF81CA13F4E009301233F4A3B703F4BDD
:10E9A4001978B8F8003002EB4119002B69D11D46E3
:10E9B4001C469B464846FFF7D1FA10F0800051D020
:10E9C4009AF8003087F800B004B93568002B2FD1CD
:10E9D400336801245B1B322B4DD8314B1B783BB37E
:10E9E40000F0DEF8B8F80030002BE3D02B4AC3F176
:10E9F400400011781A4600EB81102A490844019915
:10EA0400914219D3009B8D1A00241344019500935D
:10EA1400029B194613440293FEF75EFAA8F80040DD
:10EA2400FFF754FF204BC3F884403C70002DB3D152
:10EA3400009805B0BDE8F08FDDE90141039322465B
:10EA4400FEF74AFA039B00984FF040411B1B164AFD
:10EA54002044A8F800300023C2F884103B7005B0AD
:10EA6400BDE8F08F40220D4B8AF800001978134658
:10EA7400A8F80020BFE700988AF8004005B0BDE878
:10EA8400F08F1A46C3F14000B5E70198D1E700BF03
:10EA9400D02C0020482C0020C01C0020CF2C0020AB
:10EAA400D52C0020402C202000002E40BA2C002021
:10EAB400CE2C0020094B00B583B01B788DF80700DD
:10EAC4003BB101210DF10700FFF756FF03B05DF8DC
:10EAD40004FB03F0FF0003B05DF804FBD52C002019
:10EAE400044B1B7803F0FF020BB1FFF745BF104640
:10EAF400704700BFD52C00202DE9F0410024DFF839
:10EB0400448001230D4D27460D4E88F8003033789C
:10EB140028462035A34204F1010404D0FFF71EFA6D
:10EB2400030658BF40370C2CF1D1BFF34F8F00239D
:10EB3400384688F80030BDE8F08100BFC01C0020D2
:10EB4400CF2C0020D02C00200F4B1B78DBB170B5EC
:10EB54000E4C228802B970BD0D49C2F140030D4824
:10EB6400002509780C4E03EB811329461844012330
:10EB7400337000F06FFD2580FFF7A8FE074BC3F844
:10EB84008450357070BD7047D52C0020BA2C0020FD
:10EB9400CF2C0020402C2020D02C002000002E4020
:10EBA4002DE9F8432D4B1E7866B12D4F3B784BB9B8
:10EBB4000123F1073B7043D4B20726D400233B70F2
:10EBC400730701D4BDE8F883264B1A68002AF9D0EC
:10EBD400EFF30582002AF5D1EFF3108572B61868B9
:10EBE400002834D0204C2178002930D10122227011
:10EBF40042691A60002A2ED0916105B962B60025D7
:10EC04008368457798472570DCE7DFF8648098F8D7
:10EC14000030002BD2D00025DFF858902B4659F84D
:10EC240023400135236820461B69984710B1636966
:10EC34009B68984798F80020EBB29A42EFD8BDE75A
:10EC4400FFF732FE0028B7D0AFF30080B4E7002D01
:10EC5400B8D162B6B6E7054B1A60CEE7D92C0020CE
:10EC6400C62C00200C250020C42C002018250020D0
:10EC7400C52C00209425002008B5D0E900325BB1F2
:10EC8400BAB10F4BA3FB0213DB0803EB4303B2EB54
:10EC940083030AD1012008BD094BA3FB0213DB083F
:10ECA40003EB4303B2EB830301D0D21A4260F02A90
:10ECB400F0D800F079FD1C22034600201A6008BD3C
:10ECC400ABAAAAAA70B5044638B319B1B2FA82F64F
:10ECD4007609A2B9206800B36268F2B1184B1949E9
:10ECE40002FB03F3B1EBB30F17D3A368E3B900221C
:10ECF400012322606260A260E260184670BD1D4676
:10ED0400049BC0E90012C360FFF7B6FF0346002866
:10ED1400F3D06DB90123184670BD00F045FD1622ED
:10ED240000230260184670BD002100F093FCDEE76A
:10ED3400626831462068A56000F08CFC0123DCE7A2
:10ED4400ABAAAAAA5555551503460846194600F01C
:10ED54004BBC00BF53B94AB9002908BF00281CBFE7
:10ED64004FF0FF314FF0FF3000F070B9ADF1080CF7
:10ED74006DE904CE00F006F8DDF804E0DDE90223D5
:10ED840004B070472DE9F047089E0D4604460F462F
:10ED9400002B4AD18A42944665D9B2FA82F343B130
:10EDA40002FA03FCC3F120029F4020FA02F2174347
:10EDB4009C404FEA1C4E1FFA8CF5B7FBFEF1220C67
:10EDC4000EFB117742EA074201FB05F090420AD993
:10EDD4001CEB020201F1FF3780F01C81904240F2EB
:10EDE400198102396244121AA4B2B2FBFEF00EFB7E
:10EDF400102244EA024400FB05F5A5420AD91CEBA3
:10EE0400040400F1FF3280F00781A54240F204813E
:10EE14006444023840EA0140641B00211EB1DC4016
:10EE24000023C6E90043BDE8F0878B4208D9002ED1
:10EE340000F0ED800021C6E900050846BDE8F08732
:10EE4400B3FA83F1002949D1AB4202D3824200F2E2
:10EE5400F880841A65EB030201201746002EE2D0E5
:10EE6400C6E90047DFE702B9FFDEB2FA82F3002BFE
:10EE740040F090808A1A4FEA1C471FFA8CFE012149
:10EE8400B2FBF7F507FB1520220C42EA00420EFB09
:10EE940005F0904208D91CEB020205F1FF3802D2BA
:10EEA400904200F2CB804546121AA4B2B2FBF7F0AE
:10EEB40007FB102244EA02440EFB00FEA64508D9D3
:10EEC4001CEB040400F1FF3202D2A64500F2BB8021
:10EED4001046A4EB0E0440EA05409FE7C1F1200769
:10EEE4008B4022FA07FC4CEA030C05FA01F420FAE1
:10EEF40007F3FD404FEA1C492343B5FBF9F81FFA19
:10EF04008CFE09FB18551C0C44EA054408FB0EF55D
:10EF1400A54202FA01F200FA01F00BD91CEB040439
:10EF240008F1FF3A80F08880A54240F28580A8F17C
:10EF340002086444641B9DB2B4FBF9F309FB134457
:10EF440045EA044403FB0EFEA64508D91CEB040461
:10EF540003F1FF356CD2A6456AD9023B644443EA07
:10EF64000843A3FB0295A4EB0E04AC42C846AE468C
:10EF740056D353D056B1B0EB080264EB0E0404FA36
:10EF840007F7CA40CC401743C6E90074184600216D
:10EF9400BDE8F087C3F1200102FA03FC20FA01F274
:10EFA40025FA01F19D402A434FEA1C471FFA8CFEC3
:10EFB400B1FBF7F007FB1015110C41EA054100FB0A
:10EFC4000EF58D4204FA03F408D91CEB010100F19B
:10EFD400FF382FD28D422DD902386144491B92B299
:10EFE400B1FBF7F507FB151142EA014205FB0EF1EF
:10EFF400914208D91CEB020205F1FF3816D2914266
:10F0040014D9023D6244521A45EA004138E73146B8
:10F01400304608E73946E6E61046FBE64845A9D2FD
:10F02400B9EB020865EB0C0E013BA3E74546EAE7A2
:10F034002B4694E74046D1E7D0467BE7023D624445
:10F0440032E708460AE76444023842E7704700BFE3
:10F05400024B0146186800F00BB800BF9016002060
:10F06400024B0146186800F0DDBC00BF901600207A
:10F074002DE9F04F01F10B06162E83B0044624D877
:10F08400102900F2BA8000F0A3FA102618220220F8
:10F09400B54F3A44A2F1080153688B4200F0BA809C
:10F0A4005A68D96822F003021A449D68E9608D60A9
:10F0B400516841F001012046516003F1080500F058
:10F0C4008DFA284603B0BDE8F08F36F0070600F14C
:10F0D4009480B14200F2918000F07AFAB6F5FC7F98
:10F0E400C0F09A81730A00F08F80042B00F26F81C4
:10F0F400B30903F1390003F1380CC3009A4F3B44C0
:10F10400A3F108055B689D4206D10CE0002980F25A
:10F114002781DB689D4206D05A6822F00302911BC6
:10F124000F29F3DD60463D69DFF850C265457CD0A8
:10F134006A6822F00302931B0F2B00F37B81002BE0
:10F14400C7E904CC80F26C81B2F5007F80F01A81AB
:10F15400D308796801334FEA521E012202FA0EF2F3
:10F164000A4357F833E0C5F808E007EBC301083950
:10F17400E9607A6047F83350CEF80C5083100121CF
:10F184009940914257D8114206D120F0030049001A
:10F19400114200F10400FAD007EBC0094D4686463F
:10F1A400D5F80C80454508D11DE1002B80F224815F
:10F1B400D8F80C80454500F01681D8F8042022F0D8
:10F1C4000302931B0F2BF0DD2046D8E9025408EB11
:10F1D400060146F00106C8F80460EC60A56043F03F
:10F1E4000104C7E90411C1E902CC4C6048F80230BB
:10F1F40000F0F4F908F1080502E00C23236000256F
:10F20400284603B0BDE8F08F4FF4007340204FF060
:10F214003F0C73E7D3689A4208BF02307FF440AFD3
:10F224003D69DFF858C1654582D17A6883100121B0
:10F2340099409142A7D9BD686B6823F003094E45F4
:10F2440003D8A9EB06030F2B7ADCDFF834B1474B64
:10F25400DBF800201B680132334405EB090A00F097
:10F26400338103F580530F3323F47F6828F00F08AC
:10F274004146204600F086FA411C024600F0F38025
:10F28400824500F2EE803A4B196841441960084601
:10F2940000F04E81DBF80010019301311BBFA2EB9B
:10F2A4000A010918CBF80020196012F0070B00F0CE
:10F2B4001781CBF108010A44CBF580519044083101
:10F2C400A1EB0801C1F30B0A51462046009200F05D
:10F2D40059FA421CDDE9002300F04F81801A00EB4B
:10F2E4000A081968BA6048F001005144BD425060F0
:10F2F400196000F02981B9F10F0F40F22781686885
:10F30400A9F10C0C2CF0070C00F0010040EA0C00F1
:10F3140068604FF0050E05EB0C00BCF10F0FC0E95F
:10F3240001EE00F2328150681546124B1A688A4287
:10F3340038BF1960104B1A688A4238BF196094E0CC
:10F34400AA1943F0010346F001066E602046BA6034
:10F35400536000F043F90835284603B0BDE8F08F48
:10F36400D9681A44A1E600BF80120020902700202B
:10F3740060270020882700208C2700208812002086
:10F3840088160020B2F5206F4FEA522363D3142B62
:10F3940000F2B78003F15C01C9005B3307EB010E97
:10F3A4007958AEF1080E8E4500F091804B6823F039
:10F3B4000303934202D989688E45F7D1D1F80CE052
:10F3C4007A68C5E9021ECEF80850CD60D6E6142B43
:10F3D40059D9542B00F29D80330B03F16F0003F1D4
:10F3E4006E0CC3008AE60EF1010E1EF0030F05F148
:10F3F40008057FF4D5AE51E0424445465368D8F839
:10F404000C1043F00103536055F8083F2046D960BF
:10F414008B6000F0E3F8F3E6F00806F1080237E643
:10F424002A442046536843F001035360083500F032
:10F43400D5F8E5E6A919204646F0010643F0010493
:10F444006E60C7E90411C1E902CC4C60AB5000F016
:10F45400C5F80835D4E6930903F13901C9003833F6
:10F464009CE7BD425FD0BD68686820F0030846454C
:10F47400A8EB060302D80F2B3FF762AF204600F03B
:10F48400ADF80025BCE603F15C0003F15B0CC3009E
:10F4940034E659F808394B4540F0968010F0030FD4
:10F4A40000F1FF30F5D17B6823EA01037B6049005A
:10F4B40099423FF6C0AE19B9BDE649000EF1040EFB
:10F4C4001942FAD0704667E603F11008D0E69A10A4
:10F4D4004FF001087B6808FA02F21A437A6070E779
:10F4E40002EB08014942C1F30B0A5146204600923F
:10F4F40000F048F9431CDDE900237FF4EFAEDA465F
:10F50400EFE6542B25D8130B03F16F01C9006E33BA
:10F5140044E7B3F5AA7F25D8F30B03F1780003F190
:10F52400770CC300EAE5294B186840441860B1E63B
:10F53400CAF30B0CBCF1000F7FF4ACAEBD68C84439
:10F5440048F001006860F0E61546EEE601235360DA
:10F5540094E7B3F5AA7F23D8D30B03F17801C9004C
:10F5640077331BE740F25452934223D8B30C03F190
:10F574007D0003F17C0CC300C0E5ABF1080BD8445B
:10F58400A8EB02084FF0000AABE605F1080120469B
:10F59400009300F047FABD68009B68681968C4E6E8
:10F5A40040F254518B420BD8930C03F17D01C900F6
:10F5B4007C33F3E64FF47E737F204FF07E0C9DE5A1
:10F5C4004FF47E717E23E9E67B6870E760270020B4
:10F5D400014800F013B900BF5C270020014800F087
:10F5E4000FB900BF5C27002013460A4601460220DB
:10F5F40000F084B9032A70B514D940EA01039B07CB
:10F6040022D104460B46194620460E680568B542C9
:10F6140004F1040403F1040316D1043A032A204636
:10F624001946F0D8541E9AB1421E013901E0C3189C
:10F634000CD012F801EF11F801CFE645A4EB020358
:10F64400F5D0AEEB0C0070BD541EEDE7184670BD4E
:10F65400104670BD830730B548D0541E002A3FD0F1
:10F66400CAB2034601E0013C3AD303F8012B9D07DB
:10F67400F9D1032C2DD9CDB245EA05250F2C45EA45
:10F68400054536D9A4F1100222F00F0C03F1200E27
:10F69400E6444FEA121C03F1100242E9045542E920
:10F6A400025510327245F8D10CF1010214F00C0F1E
:10F6B40003EB021204F00F0C13D0ACF1040323F09B
:10F6C40003030433134442F8045B9342FBD10CF06C
:10F6D40003042CB1C9B21C4403F8011B9C42FBD1A6
:10F6E40030BD64461346002CF4D1F9E703461446B2
:10F6F400BFE71A46A446E0E7002A3ED040EA0103E9
:10F704009B0730B584462FD1032A2DD90B4608E038
:10F71400043A8446194625D01EF0803F22D1032A9C
:10F7240022D90468194653F8045BA4F1013EAC42A3
:10F7340084462EEA040E00F10400E9D09CF800008F
:10F744000C78A0421BD1E64668B11EF8010F11F8EF
:10F75400014FA2EB0E03A04203F1FF330FD11CEBC8
:10F764000303F1D1002030BD9CF800000C788442E2
:10F7740005D1012AF6D0E646E6E710467047001B9D
:10F7840030BD00BF38B5074D0022044608462A6044
:10F79400FDF702FE431C00D038BD2B68002BFBD0C4
:10F7A400236038BDDC280020014B1868704700BF77
:10F7B4009016002070B50D4E0D4D761BB61006D078
:10F7C400002455F8043B01349847A642F9D1094E68
:10F7D400094D761B00F02CFAB61006D0002455F81B
:10F7E400043B01349847A642F9D170BD901F0060D4
:10F7F400901F006008200060901F0060704700BFE9
:10F80400704700BF0000000000000000000000007E
:10F8140000000000000000000000000000000000E4
:10F8240090F800F06DE9024520F007016FF0000C3C
:10F8340010F0070491F820F040F049804FF00004E4
:10F844006FF00700D1E9002391F840F000F10800BF
:10F8540082FA4CF2A4FA8CF283FA4CF3A2FA8CF3F7
:10F864004BBBD1E9022382FA4CF200F10800A4FA5E
:10F874008CF283FA4CF3A2FA8CF3E3B9D1E90423B2
:10F8840082FA4CF200F10800A4FA8CF283FA4CF3E9
:10F89400A2FA8CF37BB9D1E9062301F1200182FAA3
:10F8A4004CF200F10800A4FA8CF283FA4CF3A2FAA9
:10F8B4008CF3002BC6D0002A04BF04301A4612BAB7
:10F8C400B2FA82F2FDE8024500EBD2007047D1E9BA
:10F8D400002304F00305C4F100004FEAC50514F049
:10F8E400040F91F840F00CFA05F562EA05021CBF1A
:10F8F40063EA050362464FF00004A9E72DE9F047E7
:10F90400DFF87CA00646DAF8000098460F469146D8
:10F91400FFF774FF184B1C6824B365681F2D24DCA3
:10F924005EB96B1C0235DAF80000636044F8257098
:10F93400FFF766FF0020BDE8F08704EB8501012393
:10F94400C1F88890D4F88821AB401A43022EC4F839
:10F954008821C1F80881E4D1D4F88C211A43C4F871
:10F964008C21DEE7054C1C60D7E7DAF80000FFF7CE
:10F9740047FF4FF0FF30DEE7C4250020C8250020F4
:10F9840074120020F8B5244F0C460646FFF720FEFB
:10F99400BB685D68C4F57E610F3125F003054B1922
:10F9A40023F47F6323F00F03A3F58054B4F5805F41
:10F9B40007DB00213046FFF7E5FEBB682B44984285
:10F9C40004D03046FFF70AFE0020F8BD61423046FD
:10F9D400FFF7D8FE01300DD0104ABB682D1B45F04F
:10F9E40001055D60136830461B1B1360FFF7F6FDCD
:10F9F4000120F8BD00213046FFF7C4FEBA68831A1F
:10FA04000F2BDEDD43F001035360054B03491B68F4
:10FA1400C01A0860D5E700BF8012002060270020CC
:10FA240088160020002961D0F8B50C460646FFF779
:10FA3400CFFD54F8042C7B4FA4F1080522F00101FA
:10FA440005EB010CB868DCF80430604523F00303CF
:10FA540000F08B80D207CCF8043032D454F8082C50
:10FA6400AD1A1144AA6807F1080082426AD00CEB6F
:10FA74000304D4F804E0EC68D4601EF0010FA26023
:10FA840000F0978041F001036B60CCF80010B1F5F1
:10FA9400007F35D27868CB080122490901338A40B6
:10FAA400024357F833107A6007EBC302083AC5E9FA
:10FAB400021247F83350CD603046BDE8F840FFF7F6
:10FAC4008DBD0CEB03025268D00710D4194407F122
:10FAD4000800DCF80830834273D0DCF80C20DA60CC
:10FAE400936041F001036B606950D0E7704741F0C7
:10FAF4000103B1F5007F44F8043CCCF80010C9D3ED
:10FB0400B1F5206F4FEA512348D28B0903F1390034
:10FB140003F13802C300F818FB580838984259D04A
:10FB24005A6822F003028A4202D99B689842F7D1AC
:10FB3400D868C5E902308560DD603046BDE8F8402C
:10FB4400FFF74CBD0CEB03025268D20763D40B449D
:10FB5400DCE90212CA60916043F001026A60304637
:10FB6400EB50BDE8F840FFF739BD0B44D10707D48B
:10FB740054F8082CAD1A1344D5E90212CA609160F6
:10FB840043F001026A60284ABD6012689A4293D821
:10FB9400264B30461968FFF7F5FE8DE7142B0AD97A
:10FBA400542B1FD80B0B03F16F0003F16E02C3003B
:10FBB400B1E719448DE703F15C0003F15B02C30074
:10FBC400A9E741F00103C7E90455C5E902006B60E8
:10FBD400695071E779689210012404FA02F20A4329
:10FBE4007A60A6E7B3F5AA7F06D8CB0B03F17800B9
:10FBF40003F17702C3008EE740F25452934206D8D1
:10FC04008B0C03F17D0003F17C02C30083E74FF406
:10FC14007E737E227FE741F001036B60CCF8001015
:10FC24004AE700BF801200208C1600209027002095
:10FC34005FF800F02D1F00605FF800F0751600609B
:10FC44005FF800F0D91E0060000000000000000012
:04FC5400F8B500BF40
:08FC5800F4F0FF7F0100000041
:10FC60000000000000000000000000000000000094
:10FC70000000000000000000000000000000000084
:10FC80000000000000000000000000000000000074
:10FC90000000000000000000000000000000000064
:10FCA0000000000000000000000000000000000054
:10FCB0000000000000000000000000000000000044
:10FCC0000000000000000000000000000000000034
:10FCD0000000000000000000000000000000000024
:10FCE0000000000000000000000000000000000014
:10FCF0000000000000000000000000000000000004
:10FD000000000000000000000000000000000000F3
:10FD100000000000000000000000000000000000E3
:10FD200000000000000000000000000000000000D3
:10FD300000000000000000000000000000000000C3
:10FD400000000000000000000000000000000000B3
:10FD500000000000000000000000000000000000A3
:10FD60000000000000000000000000000000000093
:10FD70000000000000000000000000000000000083
:10FD80000000000000000000000000000000000073
:10FD90000000000000000000000000000000000063
:10FDA0000000000000000000000000000000000053
:10FDB0000000000000000000000000000000000043
:10FDC0000000000000000000000000000000000033
:10FDD0000000000000000000000000000000000023
:10FDE0000000000000000000000000000000000013
:10FDF0000000000000000000000000000000000003
:10FE000000000000000000000000000000000000F2
:10FE100000000000000000000000000000000000E2
:10FE200000000000000000000000000000000000D2
:10FE300000000000000000000000000000000000C2
:10FE400000000000000000000000000000000000B2
:10FE500000000000000000000000000000000000A2
:10FE60000000000000000000000000000000000092
:10FE70000000000000000000000000000000000082
:10FE80000000000000000000000000000000000072
:10FE90000000000000000000000000000000000062
:10FEA0000000000000000000000000000000000052
:10FEB0000000000000000000000000000000000042
:10FEC0000000000000000000000000000000000032
:10FED0000000000000000000000000000000000022
:10FEE0000000240348066A098C0CAB0FC812E21507
:10FEF000F9180B1C1A1F2322282526281F2B112E28
:10FF0000FB30DF33BA368C39563C173FCE417A444A
:10FF10001C47B4493F4CBF4E33519B53F555425893
:10FF2000825AB35CD75EEB60F162E864CF66A66884
:10FF30006D6A236CC96D5E6FE2705472B57304759F
:10FF400041766B77847889797C7A5C7B297CE37C49
:10FF5000897D1D7E9C7E097F617FA67FD87FF57F8E
:10FF6000FF7FF57FD87FA67F617F097F9C7E1D7E06
:10FF7000897DE37C297C5C7B7C7A897984786B77CA
:10FF800041760475B5735472E2705E6FC96D236C6F
:10FF90006D6AA668CF66E864F162EB60D75EB35C19
:10FFA000825A4258F5559B533351BF4E3F4CB4498A
:10FFB0001C477A44CE41173F563C8C39BA36DF3362
:10FFC000FB30112E1F2B2628282523221A1F0B1C3D
:10FFD000F918E215C812AB0F8C0C6A094806240305
:10FFE0000000DCFCB8F996F674F355F038ED1EEA23
:10FFF00007E7F5E3E6E0DDDDD8DADAD7E1D4EFD1E3
:02000004600199
:1000000005CF21CC46C974C6AAC3E9C032BE86BB9F
:10001000E4B84CB6C1B341B1CDAE65AC0BAABEA736
:100020007EA54DA329A1159F0F9D189B31995A9725
:100030009395DD933792A2901E8FAC8D4B8CFC8AEA
:10004000BF8995887C8777868485A484D7831D8320
:100050007782E3816481F7809F805A8028800B80BB
:1000600001800B8028805A809F80F7806481E38123
:1000700077821D83D783A484848577867C8795883F
:10008000BF89FC8A4B8CAC8D1E8FA2903792DD937A
:1000900093955A973199189B0F9D159F29A14DA3B0
:1000A0007EA5BEA70BAA65ACCDAE41B1C1B34CB61F
:1000B000E4B886BB32BEE9C0AAC374C646C921CC27
:1000C00005CFEFD1E1D4DAD7D8DADDDDE6E0F5E32C
:1000D00007E71EEA38ED55F074F396F6B8F9DCFC44
:1000E00000000000FF0078018001430288018701C1
:1000F0008C018B01920191019501F6019901980102
:100100009A013D029E012002A801A701AD01AC01A8
:10011000B001AF01B901B801BD01BC01BF01F701D8
:10012000C601C401C901C701CC01CA01DD018E01AC
:10013000F301F101F501F4013A02652C3C023B02A6
:100140003E02662C420241025302810154028601A2
:100150005602890157028A0159028F015B02900100
:10016000600293016302940168029701690296019B
:100170006B02622C6F029C0172029D0175029F014D
:100180007D02642C8002A6018302A9018802AE01CF
:10019000890244028A02B1018B02B2018C0245023B
:1001A0009202B7017B03FD037C03FE037D03FF0383
:1001B000AC038603C203A303CC038C03CD038E03DD
:1001C000CE038F03F203F903F803F703FB03FA03EB
:1001D000CF04C0047D1D632C511F591F531F5B1F8B
:1001E000551F5D1F571F5F1F781FF81F791FF91FCD
:1001F000B31FBC1FCC1FC31FE51FEC1FFC1FF31F49
:100200004E21322184218321612C602C762C752C87
:100210006100E01AE000E017F800E007000101309B
:1002200032010106390101104A01012E790101064E
:1002300082010104A0010106B3010104CD010110F6
:10024000DE010112F8010128220201124602010A10
:10025000AD03DB03B103E011C303E009D8030118C8
:100260003004E0205004B010600401228A040136FA
:10027000C104010ED00401446105D026001E019680
:10028000A01E015A001F0808101F0806201F08089A
:10029000301F0808401F0806601F0808701F4A0228
:1002A000721F5604761F64027A1F70027C1F7E0242
:1002B000801F0808901F0808A01F0808B01F080228
:1002C000D01F0802E01F08027021F010D024E61AA7
:1002D000302CD02F672C0106802C0164002D0026C5
:1002E00041FFE01A4361726420697320746F6F20CC
:1002F000736D616C6C2E0D0A00000000466F726D0C
:10030000617420446F6E650D0A000000466F726DC7
:100310006174204661696C65640D0A004261642065
:10032000636C757374657220636F756E740D0A006B
:1003300044657669636520697320746F6F20736DFF
:10034000616C6C0D0A00000057726974696E672059
:1003500046415420000000002E00000057726974CE
:10036000696E6720757063617365207461626C6586
:100370000D0A000057726974696E6720726F6F749E
:100380000D0A0000466F726D617420646F6E650D1A
:100390000A000000466F726D6174206661696C65C9
:1003A000640D0A00455846415400000001A40000B5
:1003B00005A4000009A400000DA400006CC00F40BB
:1003C000C0000000504F0000D92300000CFF0000C7
:1003D00013000000000000000000000024851F4002
:1003E0000BFF0000130000000000000000000000F0
:1003F00028851F400DFF00001300000000000000D2
:100400000000000020851F400A2524001300000082
:1004100012000000120000000102030000000000B2
:100420001C851F40000000000000000000000000CC
:1004300000000000311700001D170000B51100007A
:100440009D160000B917000051160000F9150000B4
:100450000000000000000000410F0000000000004C
:1004600000000000ADB1000000000000000000002E
:1004700035BE000000000000000000008D78000084
:1004800099780000917800009979000009810000B6
:100490003980000095800000357F0000157B00004A
:1004A00049850000A97800001D780000D98100006E
:1004B000097800000D780000157800001978000018
:1004C0002D7B000069830000F1820000497E00005E
:1004D000017800001178000049840000718100005B
:1004E0000D7900000000000000000000E5A50000FC
:1004F00069C4000065C4000061C400005DC4000060
:1005000059C4000055C400000000000000000000B5
:10051000791E0000000000000000000045090000F6
:100520000000000000000000912200000000000018
:1005300000000000410D000000000000000000006D
:100540005118000001140000B5110000A5140000AE
:1005500045140000B1160000CD140000BD190000C4
:10056000651A0000000000000000000031170000C4
:100570001D170000B51100009D160000B9170000FE
:1005800051160000F91500000000000000000000F6
:10059000A5180000E5180000391600000917000032
:1005A00005180000E115000089160000491200003E
:1005B0002D190000F914000015150000D1110000DC
:1005C000BD110000F91100001116000031150000E6
:1005D000D9120000911300002113000065170000DC
:1005E000851200000000000000000000ADB1000016
:1005F000EDA50000B5110000B9110000ADB100007B
:10060000ADB10000ADB1000000000000000000002E
:100610003D2700004D290000112900005928000045
:10062000BD2800000528000085290000752A00006B
:10063000B12A00008D2B0000000000000000000027
:10064000298700002D870000998500001D8B000080
:1006500065970000E5900000496E00005987000092
:1006600035970000759800006D910000A1660000AC
:100670008D8E0000B9860000C58600008D850000C3
:100680009185000095850000D1860000F586000068
:1006900019870000998B00003D87000071890000D8
:1006A000E58B0000B98C0000A19E0000A59E000013
:1006B000AD9E0000B59E0000D8399D270054EA2A5F
:1006C00000A4781F007B9A1700000042C8801F40DA
:1006D000B8821F400800000000000042C4801F4094
:1006E000B4821F400400000000C0004224801F406C
:1006F00014821F401000000000C0004228801F40EC
:1007000018821F402000000000C000422C801F40C3
:100710001C821F404000000000C0004234801F4087
:1007200024821F40000100000040004264811F40FD
:1007300054831F40000400000040004280811F409D
:1007400070831F4000000200004000427C811F4077
:100750006C831F40000001000040004268811F4080
:1007600058831F4000080000004000423C811F40A9
:100770002C831F40010000000040004244811F40C4
:1007800034831F40040000000040004240811F40AD
:1007900030831F40020000000040004248811F409B
:1007A00038831F40080000000000004204811F4001
:1007B000F4821F40000004000000004208811F4036
:1007C000F8821F40000008000000004218811F400E
:1007D00008831F40000080000000004214811F4079
:1007E00004831F40000040000000004200811F40C1
:1007F000F0821F400000020000000042FC801F4009
:10080000EC821F40000001000000004224811F40D4
:1008100014831F40000000040000004228811F4094
:1008200018831F4000000008000000421C811F4088
:100830000C831F40000000010000004220811F4087
:1008400010831F400000000200000042EC801F40A7
:10085000DC821F400010000000000042F0801F40BA
:10086000E0821F40002000000000004234811F4051
:1008700024831F40000000400000004238811F40D8
:1008800028831F40000000800080004294801F40A9
:1008900084821F400000040000C0004290801F407E
:1008A00080821F400000008000800042A8801F401E
:1008B00098821F400000800000800042A4801F40FA
:1008C00094821F4000004000004000426C811F40A5
:1008D0005C831F400010000000C0004230801F40B9
:1008E00020821F408000000000400042B0811F4075
:1008F000A0831F400000002000400042AC811F4048
:100900009C831F40000000100040004284811F4073
:1009100074831F40000004000040004288811F4093
:1009200078831F4000000800000000422C811F4017
:100930001C831F40000000100000004230811F4057
:1009400020831F4000000020000000420C811F4057
:10095000FC821F40000010000000004210811F4078
:1009600000831F400000200000800042C8811F401B
:10097000B8831F400080000000800042C4811F40F7
:10098000B4831F400040000000800042C0811F402F
:10099000B0831F400020000000800042BC811F4047
:1009A000AC831F400010000000800042D0811F4037
:1009B000C0831F400000020000800042CC811F4025
:1009C000BC831F400000010000C0004274801F4033
:1009D00064821F400000000100C0004280801F4070
:1009E00070821F400000000800C0004284801F4049
:1009F00074821F400000001000C000426C801F4045
:100A00005C821F400000400000C000427C801F400C
:100A10006C821F400000000400C0004278801F402C
:100A200068821F400000000200C0004288801F4012
:100A300078821F40000000204B69636B210000009A
:100A4000536E61726521000007080C0B06050F004C
:100A50000D0E0102838407080C0B06050F000D0E16
:100A600001028384FFFFFFFFFFFFFFFFFFFF818283
:100A7000090A00004472756D205465737420526534
:100A80006164793A2050726573732042544E5F500E
:100A90004C41593D4B69636B2C2042544E5F545975
:100AA00050453D536E6172650000000000A019A022
:100AB0001AA01BA01CA01EA020A022A024A026A03B
:100AC00027A027A027A025A021A01DA017A010A027
:100AD00007A0FD9FF29FE69FDA9FCD9FC19FB59F24
:100AE000A99F9F9F969F8F9F8B9F899F8A9F8D9F76
:100AF000949F9E9FAB9FBA9FCD9FE19FF79F0FA0B2
:100B000028A041A05AA071A087A09BA0ADA0BAA028
:100B1000C4A0CAA0CBA0C7A0BEA0B0A09EA087A022
:100B20006BA04DA02BA007A0E19FBB9F959F709F3E
:100B30004D9F2E9F129FFC9EEA9EDF9EDA9EDD9EB9
:100B4000E69EF69E0D9F2B9F4F9F789FA69FD79F57
:100B50000AA03FA074A0A8A0D9A006A12EA151A1CF
:100B60006CA17FA18AA18BA183A172A157A134A1FD
:100B700008A1D4A09AA05BA018A0D39F8D9F489FE6
:100B8000069FC79E8F9E5E9E369E189E049EFD9D6C
:100B9000019E129E2F9E589E8C9ECA9E119F609F02
:100BA000B49F0CA067A0C1A018A16BA1B8A1FCA123
:100BB00035A263A282A294A296A288A26AA23DA2B2
:100BC00000A2B7A160A100A196A027A0B39F3F9F5C
:100BD000CC9E5E9EF79D9A9D499D079DD59CB69C97
:100BE000AA9CB29CCE9CFF9C449D9C9D049E7C9E96
:100BF000009F8D9F22A0B9A050A1E4A16FA2F0A2F6
:100C000062A3C3A30FA444A460A462A44AA415A42D
:100C1000C6A35EA3DDA247A29EA1E5A022A0579F86
:100C20008A9EBF9DFC9C459C9F9B0F9B989A409AD7
:100C3000089AF399049A3A9A979A199BBF9B869CB3
:100C40006A9D689E7A9F9AA0C3A1ECA211A428A5D0
:100C50002AA612A7D6A772A8E0A81AA91CA9E4A8D8
:100C60006FA8BEA7D1A6AAA54DA4C0A209A12F9F77
:100C70003D9D3D9B399940975C959D931192C49001
:100C8000C58F228FE78E208FD98F1A91ED925795BD
:100C90005E98049C4BA032A5B4AACEB077B7A7BE8D
:100CA00052C66DCEE7D6B3DFBFE8F9F150FBB00412
:100CB0000001000094160020120000000006000051
:100CC000182200600A000000000200002C210060D1
:100CD000E90000000007000040200060E90000007B
:100CE00000220000B81600202100000000210000B2
:100CF0003E21006009000000000300003C2000606D
:100D0000000000000103090424200060000000002E
:100D10000203090408200060000000000303090426
:100D2000E4160020000000000000000000000000A9
:100D300000000000000000000000000094270020D8
:100D4000FC270020642800200000000000000000B4
:100D50000000000000000000000000000000000093
:100D60000000000000000000000000000000000083
:100D70000000000000000000000000000000000073
:100D80000000000000000000000000000000000063
:100D90000000000000000000000000000000000053
:100DA0000000000000000000000000000000000043
:100DB0000000000000000000000000000000000033
:100DC0000000000000000000000000000000000023
:100DD00001000000000000000E33CDAB34126DE6C0
:100DE000ECDE05000B000000000000000000000029
:100DF00000000000000000000000000000000000F3
:100E000000000000000000000000000000000000E2
:100E100000000000000000000000000000000000D2
:100E200000000000000000000000000000000000C2
:100E300000000000000000000000000000000000B2
:100E400000000000000000000000000000000000A2
:100E500000000000000000000029DE07007B9A1758
:100E600000003A405C070020000000000000000085
:100E70000000000000000000000000000000000072
:100E80000000000000000000000000000000000062
:100E90000000000000000000000000000000000052
:100EA0000000000000000000000000000000000042
:100EB0008C08002000000000E80300000000000093
:100EC00000000000000000007F000000FFFFFFFFA7
:100ED0000500000058270020402F202000000000BF
:100EE000000000000000000080120020801200209E
:100EF00088120020881200209012002090120020FA
:100F00009812002098120020A0120020A0120020A9
:100F1000A8120020A8120020B0120020B012002059
:100F2000B8120020B8120020C0120020C012002009
:100F3000C8120020C8120020D0120020D0120020B9
:100F4000D8120020D8120020E0120020E012002069
:100F5000E8120020E8120020F0120020F012002019
:100F6000F8120020F81200200013002000130020C7
:100F70000813002008130020101300201013002075
:100F80001813002018130020201300202013002025
:100F900028130020281300203013002030130020D5
:100FA0003813002038130020401300204013002085
:100FB0004813002048130020501300205013002035
:100FC00058130020581300206013002060130020E5
:100FD0006813002068130020701300207013002095
:100FE0007813002078130020801300208013002045
:100FF00088130020881300209013002090130020F5
:101000009813002098130020A0130020A0130020A4
:10101000A8130020A8130020B0130020B013002054
:10102000B8130020B8130020C0130020C013002004
:10103000C8130020C8130020D0130020D0130020B4
:10104000D8130020D8130020E0130020E013002064
:10105000E8130020E8130020F0130020F013002014
:10106000F8130020F81300200014002000140020C2
:101070000814002008140020101400201014002070
:101080001814002018140020201400202014002020
:1010900028140020281400203014002030140020D0
:1010A0003814002038140020401400204014002080
:1010B0004814002048140020501400205014002030
:1010C00058140020581400206014002060140020E0
:1010D0006814002068140020701400207014002090
:1010E0007814002078140020801400208014002040
:1010F00088140020881400209014002090140020F0
:101100009814002098140020A0140020A01400209F
:10111000A8140020A8140020B0140020B01400204F
:10112000B8140020B8140020C0140020C0140020FF
:10113000C8140020C8140020D0140020D0140020AF
:10114000D8140020D8140020E0140020E01400205F
:10115000E8140020E8140020F0140020F01400200F
:10116000F8140020F81400200015002000150020BD
:10117000081500200815002010150020101500206B
:10118000181500201815002020150020201500201B
:1011900028150020281500203015002030150020CB
:1011A000381500203815002040150020401500207B
:1011B000481500204815002050150020501500202B
:1011C00058150020581500206015002060150020DB
:1011D000681500206815002070150020701500208B
:1011E000781500207815002080150020801500203B
:1011F00088150020881500209015002090150020EB
:101200009815002098150020A0150020A01500209A
:10121000A8150020A8150020B0150020B01500204A
:10122000B8150020B8150020C0150020C0150020FA
:10123000C8150020C8150020D0150020D0150020AA
:10124000D8150020D8150020E0150020E01500205A
:10125000E8150020E8150020F0150020F01500200A
:10126000F8150020F81500200016002000160020B8
:101270000816002008160020101600201016002066
:101280001816002018160020201600202016002016
:1012900028160020281600203016002030160020C6
:1012A0003816002038160020401600204016002076
:1012B0004816002048160020501600205016002026
:1012C00058160020581600206016002060160020D6
:1012D0006816002068160020701600207016002086
:1012E0007816002078160020FFFFFFFF00000200A4
:1012F000D81000201201000200000040C016D204E5
:101300008002010203010000000034420000F042AC
:101310000000A0400000164306C9FF0904A15C7547
:1013200008150026FF009540097581029520097671
:10133000910295040976B102C00000000000A040AF
:10134000000048430C030000000000000000000003
:101350000000000000000000000029010100000062
:10136000000000000000000000000000000000007D
:10137000000000000000000000000000000000006D
:10138000000000000000000000000000000000005D
:10139000000000000000000000000000000000004D
:1013A000000000000000000000000000000000003D
:1013B000000000000000000000000000000000002D
:1013C000000000000000000000000000000000001D
:1013D000000000000000000000000000000000000D
:1013E00000000000000000000000000000000000FD
:1013F00000000000000000000000000000000000ED
:1014000000000000000000000000000000000000DC
:1014100000000000000000000000000000000000CC
:1014200000000000000000000000000000000000BC
:1014300000000000000000000000000000000000AC
:10144000000000000000000000000000000000009C
:10145000000000000000000000000000000000008C
:10146000000000000000000000000000000000007C
:10147000000000000000000000000000000000006C
:10148000000000000000000000000000000000005C
:10149000000000000000000000000000000000004C
:1014A000000000000000000000000000000000003C
:1014B000000000000000000000000000000000002C
:1014C000000000000000000000000000000000001C
:1014D000000000000000000000000000000000000C
:1014E00000000000000000000000000000000000FC
:1014F00000000000000000000000000000000000EC
:1015000000000000000000000000000000000000DB
:1015100000000000000000000000000000000000CB
:1015200000000000000000000000000000000000BB
:1015300000000000000000000000000000000000AB
:10154000000000000000000000000000000000009B
:10155000000000000000000000000000000000008B
:10156000000000000000000000000000000000007B
:10157000000000000000000000000000000000006B
:10158000000000000000000000000000000000005B
:10159000000000000000000000000000000000004B
:1015A000000000000000000000000000000000003B
:1015B000000000000000000000000000000000002B
:1015C000000000000000000000000000000000001B
:1015D000000000000000000000000000000000000B
:1015E00000000000000000000000000000000000FB
:1015F00000000000000000000000000000000000EB
:1016000000000000000000000000000000000000DA
:1016100000000000000000000000000000000000CA
:1016200000000000000000000000000000000000BA
:1016300000000000000000000000000000000000AA
:10164000000000000000000000000000000000009A
:10165000000000000000000000000000000000008A
:10166000000000000000000000000000000000007A
:10167000000000000000000000000000000000006A
:10168000000000000000000000000000000000005A
:10169000000000000000000000000000000000004A
:1016A000000000000000000000000000000000003A
:1016B000000000000000000000000000000000002A
:1016C000000000000000000000000000000000001A
:1016D000000000000000000000000000000000000A
:1016E00000000000000000000000000000000000FA
:1016F00000000000000000000000000000000000EA
:1017000000000000000000000000000000000000D9
:1017100000000000000000000000000000000000C9
:10172000FFFFFFFFFFFFFFFFFFFFFFFFFFFFFFFFC9
:10173000FFFFFFFFFFFFFFFFFFFFFFFFFFFFFFFFB9
:10174000FFFFFFFFFFFFFFFFFFFFFFFFFFFFFFFFA9
:10175000FFFFFFFFFFFFFFFFFFFFFFFFFFFFFFFF99
:10176000FFFFFFFFFFFFFFFFFFFFFFFFFFFFFFFF89
:10177000FFFFFFFFFFFFFFFFFFFFFFFFFFFFFFFF79
:10178000FFFFFFFFFFFFFFFFFFFFFFFFFFFFFFFF69
:10179000FFFFFFFFFFFFFFFFFFFFFFFFFFFFFFFF59
:1017A000FFFFFFFFFFFFFFFFFFFFFFFFFFFFFFFF49
:1017B000FFFFFFFFFFFFFFFFFFFFFFFFFFFFFFFF39
:1017C000FFFFFFFFFFFFFFFFFFFFFFFFFFFFFFFF29
:1017D000FFFFFFFFFFFFFFFFFFFFFFFFFFFFFFFF19
:1017E000FFFFFFFFFFFFFFFFFFFFFFFFFFFFFFFF09
:1017F000FFFFFFFFFFFFFFFFFFFFFFFFFFFFFFFFF9
:1018000000000000000000000000000000000000D8
:1018100000000000000000000000000000000000C8
:1018200000000000000000000000000000000000B8
:1018300000000000000000000000000000000000A8
:101840000000000000000000000000000000000098
:101850000000000000000000000000000000000088
:101860000000000000000000000000000000000078
:101870000000000000000000000000000000000068
:101880000000000000000000000000000000000058
:101890000000000000000000000000000000000048
:1018A0000000000000000000000000000000000038
:1018B0000000000000000000000000000000000028
:1018C0000000000000000000000000000000000018
:1018D0000000000000000000000000000000000008
:1018E00000000000000000000000000000000000F8
:1018F00000000000000000000000000000000000E8
:1019000000000000000000000000000000000000D7
:1019100000000000000000000000000000000000C7
:1019200000000000000000000000000000000000B7
:1019300000000000000000000000000000000000A7
:101940000000000000000000000000000000000097
:101950000000000000000000000000000000000087
:101960000000000000000000000000000000000077
:101970000000000000000000000000000000000067
:101980000000000000000000000000000000000057
:101990000000000000000000000000000000000047
:1019A0000000000000000000000000000000000037
:1019B0000000000000000000000000000000000027
:1019C0000000000000000000000000000000000017
:1019D0000000000000000000000000000000000007
:1019E00000000000000000000000000000000000F7
:1019F00000000000000000000000000000000000E7
:101A000000000000000000000000000000000000D6
:101A100000000000000000000000000000000000C6
:101A200000000000000000000000000000000000B6
:101A300000000000000000000000000000000000A6
:101A40000000000000000000000000000000000096
:101A50000000000000000000000000000000000086
:101A60000000000000000000000000000000000076
:101A70000000000000000000000000000000000066
:101A80000000000000000000000000000000000056
:101A90000000000000000000000000000000000046
:101AA0000000000000000000000000000000000036
:101AB0000000000000000000000000000000000026
:101AC0000000000000000000000000000000000016
:101AD0000000000000000000000000000000000006
:101AE00000000000000000000000000000000000F6
:101AF00000000000000000000000000000000000E6
:101B000000000000000000000000000000000000D5
:101B100000000000000000000000000000000000C5
:101B200000000000000000000000000000000000B5
:101B300000000000000000000000000000000000A5
:101B40000000000000000000000000000000000095
:101B50000000000000000000000000000000000085
:101B60000000000000000000000000000000000075
:101B70000000000000000000000000000000000065
:101B80000000000000000000000000000000000055
:101B90000000000000000000000000000000000045
:101BA0000000000000000000000000000000000035
:101BB0000000000000000000000000000000000025
:101BC0000000000000000000000000000000000015
:101BD0000000000000000000000000000000000005
:101BE00000000000000000000000000000000000F5
:101BF00000000000000000000000000000000000E5
:101C000000000000000000000000000000000000D4
:101C100000000000000000000000000000000000C4
:101C200000000000000000000000000000000000B4
:101C300000000000000000000000000000000000A4
:101C40000000000000000000000000000000000094
:101C50000000000000000000000000000000000084
:101C60000000000000000000000000000000000074
:101C70000000000000000000000000000000000064
:101C80000000000000000000000000000000000054
:101C90000000000000000000000000000000000044
:101CA0000000000000000000000000000000000034
:101CB0000000000000000000000000000000000024
:101CC0000000000000000000000000000000000014
:101CD0000000000000000000000000000000000004
:101CE00000000000000000000000000000000000F4
:101CF00000000000000000000000000000000000E4
:101D000000000000000000000000000000000000D3
:101D100000000000000000000000000000000000C3
:101D200000000000000000000000000000000000B3
:101D300000000000000000000000000000000000A3
:101D40000000000000000000000000000000000093
:101D50000000000000000000000000000000000083
:101D60000000000000000000000000000000000073
:101D70000000000000000000000000000000000063
:101D80000000000000000000000000000000000053
:101D90000000000000000000000000000000000043
:101DA0000000000000000000000000000000000033
:101DB0000000000000000000000000000000000023
:101DC0000000000000000000000000000000000013
:101DD0000000000000000000000000000000000003
:101DE00000000000000000000000000000000000F3
:101DF00000000000000000000000000000000000E3
:101E000000000000000000000000000000000000D2
:101E100000000000000000000000000000000000C2
:101E200000000000000000000000000000000000B2
:101E300000000000000000000000000000000000A2
:101E40000000000000000000000000000000000092
:101E50000000000000000000000000000000000082
:101E60000000000000000000000000000000000072
:101E70000000000000000000000000000000000062
:101E80000000000000000000000000000000000052
:101E90000000000000000000000000000000000042
:101EA0000000000000000000000000000000000032
:101EB0000000000000000000000000000000000022
:101EC0000000000000000000000000000000000012
:101ED0000000000000000000000000000000000002
:101EE00000000000000000000000000000000000F2
:101EF00000000000000000000000000000000000E2
:101F000000000000000000000000000000000000D1
:101F100000000000000000000000000000000000C1
:101F200000000000000000000000000000000000B1
:101F300000000000000000000000000000000000A1
:101F40000000000000000000000000000000000091
:101F50000000000000000000000000000000000081
:101F60000000000000000000000000000000000071
:101F70000000000000000000000000000000000061
:101F80000000000000000000000000000000000051
:101F90000000000000000000000000000000000041
:101FA0000000000000000000000000000000000031
:101FB0000000000000000000000000000000000021
:101FC0000000000000000000000000000000000011
:101FD0000000000000000000000000000000000001
:101FE00000000000000000000000000000000000F1
:101FF00000000000000000000000000000000000E1
:1020000000000000000000000000000000000000D0
:1020100000000000000000000000000000000000C0
:1020200000000000000000000000000000000000B0
:1020300000000000000000000000000000000000A0
:102040000000000000000000000000000000000090
:102050000000000000000000000000000000000080
:102060000000000000000000000000000000000070
:102070000000000000000000000000000000000060
:102080000000000000000000000000000000000050
:102090000000000000000000000000000000000040
:1020A0000000000000000000000000000000000030
:1020B0000000000000000000000000000000000020
:1020C0000000000000000000000000000000000010
:1020D0000000000000000000000000000000000000
:1020E00000000000000000000000000000000000F0
:1020F00000000000000000000000000000000000E0
:1021000000000000000000000000000000000000CF
:1021100000000000000000000000000000000000BF
:1021200000000000000000000000000000000000AF
:10213000000000000000000000000000000000009F
:10214000000000000000000000000000000000008F
:10215000000000000000000000000000000000007F
:10216000000000000000000000000000000000006F
:10217000000000000000000000000000000000005F
:10218000000000000000000000000000000000004F
:10219000000000000000000000000000000000003F
:1021A000000000000000000000000000000000002F
:1021B000000000000000000000000000000000001F
:1021C000000000000000000000000000000000000F
:1021D00000000000000000000000000000000000FF
:1021E00000000000000000000000000000000000EF
:1021F00000000000000000000000000000000000DF
:1022000000000000000000000000000000000000CE
:1022100000000000000000000000000000000000BE
:1022200000000000000000000000000000000000AE
:10223000000000000000000000000000000000009E
:10224000000000000000000000000000000000008E
:10225000000000000000000000000000000000007E
:10226000000000000000000000000000000000006E
:10227000000000000000000000000000000000005E
:10228000000000000000000000000000000000004E
:10229000000000000000000000000000000000003E
:1022A000000000000000000000000000000000002E
:1022B000000000000000000000000000000000001E
:1022C000000000000000000000000000000000000E
:1022D00000000000000000000000000000000000FE
:1022E00000000000000000000000000000000000EE
:1022F00000000000000000000000000000000000DE
:1023000000000000000000000000000000000000CD
:1023100000000000000000000000000000000000BD
:1023200000000000000000000000000000000000AD
:10233000000000000000000000000000000000009D
:10234000000000000000000000000000000000008D
:10235000000000000000000000000000000000007D
:10236000000000000000000000000000000000006D
:10237000000000000000000000000000000000005D
:10238000000000000000000000000000000000004D
:10239000000000000000000000000000000000003D
:1023A000000000000000000000000000000000002D
:1023B000000000000000000000000000000000001D
:1023C000000000000000000000000000000000000D
:1023D00000000000000000000000000000000000FD
:1023E00000000000000000000000000000000000ED
:1023F00000000000000000000000000000000000DD
:040000056000100087
:00000001FF
